TRUNCATE com_sequence;
TRUNCATE sys_role;
TRUNCATE sys_user;
TRUNCATE sys_user_role;
TRUNCATE sys_role_menu;
TRUNCATE sys_role_authorize;
TRUNCATE com_meta;
TRUNCATE sys_menu;

LOCK TABLES `sys_menu` WRITE;
insert  into `sys_menu`(`menu_id`,`parent_id`,`label`,`keyword`,`url`,`icon`,`order_no`,`create_time`,`update_time`) values
('accountDetail','agent','流水明细','','/agent/accountDetail','ios-people',5,'2018-10-02 22:10:32','2018-10-02 22:19:38'),
('agent','__ROOT__','分销商面板','','/','ios-people',6,'2018-10-02 22:05:27','2018-10-10 23:18:50'),
('agentAccount','agent','账户信息','','/agent/agentAccount','ios-people',2,'2018-10-02 22:11:55','2018-10-02 22:12:20'),
('agentList','agent','分销商列表','','/agent/agentList','ios-people',1,'2018-10-02 22:07:42','2018-10-02 22:17:58'),
('applyWithdrawCash','agent','提现申请','','/agent/applyWithdrawCash','ios-people',3,'2018-10-02 22:13:15',NULL),
('authManage','systemManage','权限管理','','/auth/authManage','ios-lock',0,'2018-08-27 14:39:32','2018-09-06 17:27:50'),
('baseInfoManage','__ROOT__','基础管理(旧)','','/','ios-flower-outline',1,NULL,'2018-10-05 10:52:07'),
('basicManage','__ROOT__','基础管理(新)','','/','ios-book',0,NULL,'2018-09-05 23:25:21'),
('courseAttr','baseInfoManage','课程属性','','/base/class_attribute','ios-color-filter',6,NULL,'2018-10-05 11:51:40'),
('courseAttrSetting','homeSetting','首页课程','','/base/courseattr','md-aperture',3,'2018-09-06 02:10:30','2018-09-06 17:37:18'),
('courseList','baseInfoManage','课程列表','','/base/courselist','ios-easel',1,NULL,'2018-10-05 11:50:56'),
('courseManage','basicManage','课程管理','','/basic/courseManage','ios-easel',1,'2018-09-01 22:30:49','2018-09-06 17:26:53'),
('financeManage','__ROOT__','财务管理','','/','logo-usd',5,NULL,'2018-09-06 17:26:34'),
('homeSetting','__ROOT__','首页设置','','/','logo-chrome',2,NULL,'2018-10-05 11:01:44'),
('horseLantern','homeSetting','走马灯','','/base/posterhistory','md-code',1,NULL,'2018-09-06 17:39:38'),
('knowledge','baseInfoManage','知识点','','/base/pointlist','ios-bonfire',4,NULL,'2018-10-05 10:50:28'),
('knowledgeVideo','baseInfoManage','知识点视频','','/base/pointsVideoList','logo-youtube',5,NULL,'2018-10-05 11:51:20'),
('memberManage','__ROOT__','成员管理','','/','ios-people',4,'2018-07-30 17:20:15','2018-10-05 11:50:22'),
('menuManage','systemManage','菜单管理','','/auth/menuManage','ios-list',2,NULL,'2018-09-06 17:27:59'),
('metaManage','systemConfig','元数据管理','','/common/metaManage','ios-people',0,'2018-09-03 15:07:47','2018-09-04 11:37:41'),
('myAgentInfo','agent','我的信息','','/agent/myAgentInfo','ios-people',0,'2018-10-02 22:15:53','2018-10-04 21:30:07'),
('orderManage','financeManage','订单列表','','/basic/orderManage','logo-yen',1,NULL,'2018-09-23 22:02:30'),
('pictureList','homeSetting','图片列表','','/base/picturelist','md-images',2,NULL,'2018-09-06 17:37:03'),
('pointManage','basicManage','知识点管理','','/basic/pointManage','md-bonfire',4,'2018-09-01 22:29:03','2018-09-06 17:27:35'),
('problemSetManage','basicManage','题集管理','','/problem/problemSetManage','ios-help-circle',5,'2018-09-06 19:30:59','2018-10-05 11:51:58'),
('registerManage','systemConfig','字典值管理','','/common/registerManage','ios-people',1,'2018-09-03 15:09:00','2018-10-05 11:00:12'),
('roleManage','systemManage','角色管理','','/auth/roleManage','ios-people',3,NULL,'2018-09-04 11:37:41'),
('shareDetail','agent','分润明细','','/agent/shareDetail','ios-people',4,'2018-10-02 22:14:53',NULL),
('studentManage','memberManage','学员管理','','/basic/studentManage','ios-person',0,'2018-07-30 17:24:22','2018-10-05 12:32:41'),
('subjectList','baseInfoManage','科目列表','','/base/subjectlist','ios-list',0,NULL,'2018-10-05 11:50:55'),
('subjectManage','basicManage','科目管理','','/basic/subjectManage','ios-list',0,'2018-09-01 22:32:12','2018-09-04 11:37:41'),
('systemConfig','__ROOT__','系统配置','','/','ios-people',7,'2018-09-03 15:01:28','2018-10-05 11:05:18'),
('systemManage','__ROOT__','系统管理','','/','ios-home',3,NULL,'2018-10-05 11:50:24'),
('teacherManage','memberManage','教师管理','','/basic/teacherManage','ios-contact',1,NULL,'2018-10-05 12:33:12'),
('themeList','baseInfoManage','主题列表','','/base/topiclist','ios-flag',3,NULL,'2018-10-05 10:50:30'),
('topicManage','basicManage','主题管理','','/basic/topicManage','ios-flag',3,'2018-09-01 22:31:37','2018-09-04 11:37:41'),
('unitList','baseInfoManage','单元列表','','/base/unitlist','ios-document',2,NULL,'2018-10-05 10:50:26'),
('unitManage','basicManage','单元管理','','/basic/unitManage','md-document',2,'2018-09-01 22:29:24','2018-09-06 17:27:19'),
('userManage','systemManage','用户管理','','/auth/userManage','ios-person',1,NULL,'2018-09-04 11:37:41'),
('logManage','systemConfig','操作日志','','/common/logManage','ios-person',2,NULL,'2018-09-04 11:37:41');
UNLOCK TABLES;

LOCK TABLES `com_meta` WRITE;
insert  into `com_meta`(`meta_id`,`parent_id`,`name`,`value`,`order_index`,`create_time`,`update_time`) values
('accoutDetail','__ROOT__','账户明细',NULL,0,'2018-10-08 16:17:19',NULL),
('accoutDetail-type','accoutDetail','类型',NULL,0,'2018-10-08 16:17:19',NULL),
('accoutDetail-type-type0','accoutDetail-type','分润收入','PROFIT_INCOME',0,'2018-10-08 16:17:19',NULL),
('accoutDetail-type-type1','accoutDetail-type','提现申请','APPLY_WITHDRAW_CASH',1,'2018-10-08 16:17:19',NULL),
('accoutDetail-type-type2','accoutDetail-type','接受提现申请','ACCEPT_WITHDRAW_CASH',2,'2018-10-08 16:17:19',NULL),
('accoutDetail-type-type3','accoutDetail-type','拒绝提现申请','REFUSE_WITHDRAW_CASH',3,'2018-10-08 16:17:19',NULL),
('accoutDetail-type-type4','accoutDetail-type','取消提现申请','CANCEL_WITHDRAW_CASH',4,'2018-10-08 16:17:19',NULL),
('active-status','active','启用状态',NULL,0,'2018-09-07 20:54:47','2018-09-09 18:36:56'),
('active-status-no','active-status','禁用','false',1,'2018-09-07 20:55:12','2018-09-09 18:37:00'),
('active-status-yes','active-status','启用','true',0,'2018-09-07 20:55:00','2018-09-09 18:37:05'),
('agent','__ROOT__','分销商相关',NULL,0,'2018-10-11 10:48:29',NULL),
('agent-type','agent','分销商类型',NULL,0,'2018-10-11 10:48:29',NULL),
('agent-type-type0','agent-type','公司/机构','1',0,'2018-10-11 10:48:29',NULL),
('agent-type-type1','agent-type','个人','2',1,'2018-10-11 10:48:29',NULL),
('applyWithdraw','__ROOT__','提现申请相关',NULL,0,'2018-10-08 16:17:19',NULL),
('applyWithdraw-status','applyWithdraw','状态',NULL,0,'2018-10-08 16:17:19',NULL),
('applyWithdraw-status-status0','applyWithdraw-status','申请中','0',0,'2018-10-08 16:17:19',NULL),
('applyWithdraw-status-status1','applyWithdraw-status','处理成功','1',1,'2018-10-08 16:17:19',NULL),
('applyWithdraw-status-status2','applyWithdraw-status','处理失败','2',2,'2018-10-08 16:17:19',NULL),
('applyWithdraw-status-status3','applyWithdraw-status','拒绝处理','3',3,'2018-10-08 16:17:19',NULL),
('applyWithdraw-status-status4','applyWithdraw-status','取消处理','4',4,'2018-10-08 16:17:19',NULL),
('applyWithdraw-status-status5','applyWithdraw-status','取消处理','4',4,'2018-10-08 16:17:19',NULL),
('authorize','__ROOT__','权限',NULL,0,'2017-12-04 11:01:03','2017-12-04 11:01:11'),
('authorize-group','authorize','权限组',NULL,0,'2017-12-04 11:01:03',NULL),
('authorize-group-group0','authorize-group','用户组','USER',0,'2017-12-04 11:01:03',NULL),
('authorize-group-group1','authorize-group','角色组','ROLE',1,'2017-12-04 11:01:03',NULL),
('authorize-group-group10','authorize-group','知识点组','POINT',10,'2017-12-04 11:01:03',NULL),
('authorize-group-group11','authorize-group','题集组','PROBLEM_SET',11,'2017-12-04 11:01:03',NULL),
('authorize-group-group12','authorize-group','图片','IMAGE',12,'2017-12-04 11:01:03',NULL),
('authorize-group-group13','authorize-group','文件','FILE',13,'2017-12-04 11:01:03',NULL),
('authorize-group-group14','authorize-group','订单','ORDER',14,'2017-12-04 11:01:03',NULL),
('authorize-group-group15','authorize-group','学生组','STUDENT',15,'2017-12-04 11:01:03',NULL),
('authorize-group-group16','authorize-group','教师组','TEACHER',16,'2017-12-04 11:01:03',NULL),
('authorize-group-group17','authorize-group','账户流水','ACCOUNT_DETAIL',17,'2017-12-04 11:01:03',NULL),
('authorize-group-group18','authorize-group','账户明细','AGENT_ACCOUNT',18,'2017-12-04 11:01:03',NULL),
('authorize-group-group19','authorize-group','我的信息','MY_AGENT_INFO',19,'2017-12-04 11:01:03',NULL),
('authorize-group-group2','authorize-group','权限组','AUTHORIZE',2,'2017-12-04 11:01:03',NULL),
('authorize-group-group20','authorize-group','分润明细','SHARE_DETAIL',20,'2017-12-04 11:01:03',NULL),
('authorize-group-group21','authorize-group','代理商','AGENT',21,'2017-12-04 11:01:03',NULL),
('authorize-group-group22','authorize-group','申请提现','APPLY_WITHDRAW_CASH',22,'2017-12-04 11:01:03',NULL),
('authorize-group-group3','authorize-group','菜单','MENU',3,'2017-12-04 11:01:03',NULL),
('authorize-group-group4','authorize-group','字典','REGISTER',4,'2017-12-04 11:01:03',NULL),
('authorize-group-group5','authorize-group','META','META',5,'2017-12-04 11:01:03',NULL),
('authorize-group-group6','authorize-group','科目组','SUBJECT',6,'2017-12-04 11:01:03',NULL),
('authorize-group-group7','authorize-group','课程组','COURSE',7,'2017-12-04 11:01:03',NULL),
('authorize-group-group8','authorize-group','单元组','UNIT',8,'2017-12-04 11:01:03',NULL),
('authorize-group-group9','authorize-group','主题组','TOPIC',9,'2017-12-04 11:01:03',NULL),
('authorize-type','authorize','权限类型',NULL,0,'2017-12-04 11:01:36','2017-12-04 11:01:39'),
('authorize-type-type1','authorize-type','查询操作','QUERY',0,'2017-12-04 11:02:02','2017-12-04 11:08:34'),
('authorize-type-type2','authorize-type','修改操作','OPERATE',1,'2017-12-04 11:04:00','2017-12-04 11:08:40'),
('common','__ROOT__','公共配置',NULL,0,'2017-11-07 10:24:52','2017-11-07 11:59:23'),
('common-active','common','启用状态',NULL,0,'2018-09-07 20:54:47',NULL),
('common-active-no','common-active','禁用','0',1,'2018-09-07 20:55:12',NULL),
('common-active-yes','common-active','启用','1',0,'2018-09-07 20:55:00',NULL),
('common-bank','common','银行简称',NULL,0,'2018-10-08 16:17:19',NULL),
('common-bank-ABC','common-bank','中国农业银行','ABC',49,'2018-10-08 16:17:19',NULL),
('common-bank-ARCU','common-bank','安徽省农村信用社','ARCU',77,'2018-10-08 16:17:19',NULL),
('common-bank-ASCB','common-bank','鞍山银行','ASCB',10,'2018-10-08 16:17:19',NULL),
('common-bank-AYCB','common-bank','安阳银行','AYCB',86,'2018-10-08 16:17:19',NULL),
('common-bank-BANKWF','common-bank','潍坊银行','BANKWF',58,'2018-10-08 16:17:19',NULL),
('common-bank-BGB','common-bank','广西北部湾银行','BGB',99,'2018-10-08 16:17:19',NULL),
('common-bank-BHB','common-bank','河北银行','BHB',128,'2018-10-08 16:17:19',NULL),
('common-bank-BJBANK','common-bank','北京银行','BJBANK',60,'2018-10-08 16:17:19',NULL),
('common-bank-BJRCB','common-bank','北京农村商业银行','BJRCB',33,'2018-10-08 16:17:19',NULL),
('common-bank-BOC','common-bank','中国银行','BOC',95,'2018-10-08 16:17:19',NULL),
('common-bank-BOCD','common-bank','承德银行','BOCD',70,'2018-10-08 16:17:19',NULL),
('common-bank-BOCY','common-bank','朝阳银行','BOCY',100,'2018-10-08 16:17:19',NULL),
('common-bank-BOD','common-bank','东莞银行','BOD',94,'2018-10-08 16:17:19',NULL),
('common-bank-BODD','common-bank','丹东银行','BODD',90,'2018-10-08 16:17:19',NULL),
('common-bank-BOHAIB','common-bank','渤海银行','BOHAIB',82,'2018-10-08 16:17:19',NULL),
('common-bank-BOJZ','common-bank','锦州银行','BOJZ',46,'2018-10-08 16:17:19',NULL),
('common-bank-BOP','common-bank','平顶山银行','BOP',108,'2018-10-08 16:17:19',NULL),
('common-bank-BOQH','common-bank','青海银行','BOQH',37,'2018-10-08 16:17:19',NULL),
('common-bank-BOSZ','common-bank','苏州银行','BOSZ',68,'2018-10-08 16:17:19',NULL),
('common-bank-BOYK','common-bank','营口银行','BOYK',2,'2018-10-08 16:17:19',NULL),
('common-bank-BOZK','common-bank','周口银行','BOZK',23,'2018-10-08 16:17:19',NULL),
('common-bank-BSB','common-bank','包商银行','BSB',11,'2018-10-08 16:17:19',NULL),
('common-bank-BZMD','common-bank','驻马店银行','BZMD',158,'2018-10-08 16:17:19',NULL),
('common-bank-CBBQS','common-bank','城市商业银行资金清算中心','CBBQS',154,'2018-10-08 16:17:19',NULL),
('common-bank-CBKF','common-bank','开封市商业银行','CBKF',150,'2018-10-08 16:17:19',NULL),
('common-bank-CCB','common-bank','中国建设银行','CCB',149,'2018-10-08 16:17:19',NULL),
('common-bank-CCQTGB','common-bank','重庆三峡银行','CCQTGB',121,'2018-10-08 16:17:19',NULL),
('common-bank-CDB','common-bank','国家开发银行','CDB',0,'2018-10-08 16:17:19',NULL),
('common-bank-CDCB','common-bank','成都银行','CDCB',106,'2018-10-08 16:17:19',NULL),
('common-bank-CDRCB','common-bank','成都农商银行','CDRCB',147,'2018-10-08 16:17:19',NULL),
('common-bank-CEB','common-bank','中国光大银行','CEB',24,'2018-10-08 16:17:19',NULL),
('common-bank-CGNB','common-bank','南充市商业银行','CGNB',5,'2018-10-08 16:17:19',NULL),
('common-bank-CIB','common-bank','兴业银行','CIB',101,'2018-10-08 16:17:19',NULL),
('common-bank-CITIC','common-bank','中信银行','CITIC',97,'2018-10-08 16:17:19',NULL),
('common-bank-CMB','common-bank','招商银行','CMB',17,'2018-10-08 16:17:19',NULL),
('common-bank-CMBC','common-bank','中国民生银行','CMBC',35,'2018-10-08 16:17:19',NULL),
('common-bank-COMM','common-bank','交通银行','COMM',13,'2018-10-08 16:17:19',NULL),
('common-bank-CQBANK','common-bank','重庆银行','CQBANK',50,'2018-10-08 16:17:19',NULL),
('common-bank-CRCBANK','common-bank','重庆农村商业银行','CRCBANK',8,'2018-10-08 16:17:19',NULL),
('common-bank-CSCB','common-bank','长沙银行','CSCB',139,'2018-10-08 16:17:19',NULL),
('common-bank-CSRCB','common-bank','常熟农村商业银行','CSRCB',14,'2018-10-08 16:17:19',NULL),
('common-bank-CZBANK','common-bank','浙商银行','CZBANK',59,'2018-10-08 16:17:19',NULL),
('common-bank-CZCB','common-bank','浙江稠州商业银行','CZCB',6,'2018-10-08 16:17:19',NULL),
('common-bank-CZRCB','common-bank','常州农村信用联社','CZRCB',78,'2018-10-08 16:17:19',NULL),
('common-bank-DAQINGB','common-bank','龙江银行','DAQINGB',104,'2018-10-08 16:17:19',NULL),
('common-bank-DLB','common-bank','大连银行','DLB',125,'2018-10-08 16:17:19',NULL),
('common-bank-DRCBCL','common-bank','东莞农村商业银行','DRCBCL',36,'2018-10-08 16:17:19',NULL),
('common-bank-DYCB','common-bank','德阳商业银行','DYCB',93,'2018-10-08 16:17:19',NULL),
('common-bank-DYCCB','common-bank','东营市商业银行','DYCCB',135,'2018-10-08 16:17:19',NULL),
('common-bank-DZBANK','common-bank','德州银行','DZBANK',137,'2018-10-08 16:17:19',NULL),
('common-bank-EGBANK','common-bank','恒丰银行','EGBANK',20,'2018-10-08 16:17:19',NULL),
('common-bank-FDB','common-bank','富滇银行','FDB',52,'2018-10-08 16:17:19',NULL),
('common-bank-FJHXBC','common-bank','福建海峡银行','FJHXBC',127,'2018-10-08 16:17:19',NULL),
('common-bank-FSCB','common-bank','抚顺银行','FSCB',136,'2018-10-08 16:17:19',NULL),
('common-bank-FXCB','common-bank','阜新银行','FXCB',89,'2018-10-08 16:17:19',NULL),
('common-bank-GCB','common-bank','广州银行','GCB',151,'2018-10-08 16:17:19',NULL),
('common-bank-GDB','common-bank','广东发展银行','GDB',4,'2018-10-08 16:17:19',NULL),
('common-bank-GDRCC','common-bank','广东省农村信用社联合社','GDRCC',39,'2018-10-08 16:17:19',NULL),
('common-bank-GLBANK','common-bank','桂林银行','GLBANK',142,'2018-10-08 16:17:19',NULL),
('common-bank-GRCB','common-bank','广州农商银行','GRCB',113,'2018-10-08 16:17:19',NULL),
('common-bank-GSRCU','common-bank','甘肃省农村信用','GSRCU',143,'2018-10-08 16:17:19',NULL),
('common-bank-GXRCU','common-bank','广西省农村信用','GXRCU',109,'2018-10-08 16:17:19',NULL),
('common-bank-GYCB','common-bank','贵阳市商业银行','GYCB',157,'2018-10-08 16:17:19',NULL),
('common-bank-GZB','common-bank','赣州银行','GZB',115,'2018-10-08 16:17:19',NULL),
('common-bank-GZRCU','common-bank','贵州省农村信用社','GZRCU',65,'2018-10-08 16:17:19',NULL),
('common-bank-H3CB','common-bank','内蒙古银行','H3CB',114,'2018-10-08 16:17:19',NULL),
('common-bank-HANABANK','common-bank','韩亚银行','HANABANK',41,'2018-10-08 16:17:19',NULL),
('common-bank-HBC','common-bank','湖北银行','HBC',85,'2018-10-08 16:17:19',NULL),
('common-bank-HBHSBANK','common-bank','湖北银行黄石分行','HBHSBANK',76,'2018-10-08 16:17:19',NULL),
('common-bank-HBRCU','common-bank','河北省农村信用社','HBRCU',22,'2018-10-08 16:17:19',NULL),
('common-bank-HBYCBANK','common-bank','湖北银行宜昌分行','HBYCBANK',103,'2018-10-08 16:17:19',NULL),
('common-bank-HDBANK','common-bank','邯郸银行','HDBANK',81,'2018-10-08 16:17:19',NULL),
('common-bank-HKB','common-bank','汉口银行','HKB',102,'2018-10-08 16:17:19',NULL),
('common-bank-HKBEA','common-bank','东亚银行','HKBEA',64,'2018-10-08 16:17:19',NULL),
('common-bank-HNRCC','common-bank','湖南省农村信用社','HNRCC',71,'2018-10-08 16:17:19',NULL),
('common-bank-HNRCU','common-bank','河南省农村信用','HNRCU',66,'2018-10-08 16:17:19',NULL),
('common-bank-HRXJB','common-bank','华融湘江银行','HRXJB',61,'2018-10-08 16:17:19',NULL),
('common-bank-HSBANK','common-bank','徽商银行','HSBANK',54,'2018-10-08 16:17:19',NULL),
('common-bank-HSBK','common-bank','衡水银行','HSBK',122,'2018-10-08 16:17:19',NULL),
('common-bank-HURCB','common-bank','湖北省农村信用社','HURCB',18,'2018-10-08 16:17:19',NULL),
('common-bank-HXBANK','common-bank','华夏银行','HXBANK',105,'2018-10-08 16:17:19',NULL),
('common-bank-HZCB','common-bank','杭州银行','HZCB',140,'2018-10-08 16:17:19',NULL),
('common-bank-HZCCB','common-bank','湖州市商业银行','HZCCB',119,'2018-10-08 16:17:19',NULL),
('common-bank-ICBC','common-bank','中国工商银行','ICBC',163,'2018-10-08 16:17:19',NULL),
('common-bank-JHBANK','common-bank','金华银行','JHBANK',26,'2018-10-08 16:17:19',NULL),
('common-bank-JINCHB','common-bank','晋城银行JCBANK','JINCHB',45,'2018-10-08 16:17:19',NULL),
('common-bank-JJBANK','common-bank','九江银行','JJBANK',3,'2018-10-08 16:17:19',NULL),
('common-bank-JLBANK','common-bank','吉林银行','JLBANK',153,'2018-10-08 16:17:19',NULL),
('common-bank-JLRCU','common-bank','吉林农信','JLRCU',161,'2018-10-08 16:17:19',NULL),
('common-bank-JNBANK','common-bank','济宁银行','JNBANK',34,'2018-10-08 16:17:19',NULL),
('common-bank-JRCB','common-bank','江苏江阴农村商业银行','JRCB',83,'2018-10-08 16:17:19',NULL),
('common-bank-JSB','common-bank','晋商银行','JSB',16,'2018-10-08 16:17:19',NULL),
('common-bank-JSBANK','common-bank','江苏银行','JSBANK',160,'2018-10-08 16:17:19',NULL),
('common-bank-JSRCU','common-bank','江苏省农村信用联合社','JSRCU',63,'2018-10-08 16:17:19',NULL),
('common-bank-JXBANK','common-bank','嘉兴银行','JXBANK',123,'2018-10-08 16:17:19',NULL),
('common-bank-JXRCU','common-bank','江西省农村信用','JXRCU',7,'2018-10-08 16:17:19',NULL),
('common-bank-JZBANK','common-bank','晋中市商业银行','JZBANK',141,'2018-10-08 16:17:19',NULL),
('common-bank-KLB','common-bank','昆仑银行','KLB',1,'2018-10-08 16:17:19',NULL),
('common-bank-KORLABANK','common-bank','库尔勒市商业银行','KORLABANK',120,'2018-10-08 16:17:19',NULL),
('common-bank-KSRB','common-bank','昆山农村商业银行','KSRB',124,'2018-10-08 16:17:19',NULL),
('common-bank-LANGFB','common-bank','廊坊银行','LANGFB',48,'2018-10-08 16:17:19',NULL),
('common-bank-LSBANK','common-bank','莱商银行','LSBANK',25,'2018-10-08 16:17:19',NULL),
('common-bank-LSBC','common-bank','临商银行','LSBC',30,'2018-10-08 16:17:19',NULL),
('common-bank-LSCCB','common-bank','乐山市商业银行','LSCCB',118,'2018-10-08 16:17:19',NULL),
('common-bank-LYBANK','common-bank','洛阳银行','LYBANK',164,'2018-10-08 16:17:19',NULL),
('common-bank-LYCB','common-bank','辽阳市商业银行','LYCB',88,'2018-10-08 16:17:19',NULL),
('common-bank-LZYH','common-bank','兰州银行','LZYH',40,'2018-10-08 16:17:19',NULL),
('common-bank-MTBANK','common-bank','浙江民泰商业银行','MTBANK',44,'2018-10-08 16:17:19',NULL),
('common-bank-NBBANK','common-bank','宁波银行','NBBANK',29,'2018-10-08 16:17:19',NULL),
('common-bank-NBYZ','common-bank','鄞州银行','NBYZ',159,'2018-10-08 16:17:19',NULL),
('common-bank-NCB','common-bank','南昌银行','NCB',31,'2018-10-08 16:17:19',NULL),
('common-bank-NHB','common-bank','南海农村信用联社','NHB',134,'2018-10-08 16:17:19',NULL),
('common-bank-NHQS','common-bank','农信银清算中心','NHQS',72,'2018-10-08 16:17:19',NULL),
('common-bank-NJCB','common-bank','南京银行','NJCB',42,'2018-10-08 16:17:19',NULL),
('common-bank-NXBANK','common-bank','宁夏银行','NXBANK',15,'2018-10-08 16:17:19',NULL),
('common-bank-NXRCU','common-bank','宁夏黄河农村商业银行','NXRCU',55,'2018-10-08 16:17:19',NULL),
('common-bank-NYNB','common-bank','广东南粤银行','NYNB',98,'2018-10-08 16:17:19',NULL),
('common-bank-ORBANK','common-bank','鄂尔多斯银行','ORBANK',156,'2018-10-08 16:17:19',NULL),
('common-bank-PSBC','common-bank','中国邮政储蓄银行','PSBC',107,'2018-10-08 16:17:19',NULL),
('common-bank-QDCCB','common-bank','青岛银行','QDCCB',74,'2018-10-08 16:17:19',NULL),
('common-bank-QLBANK','common-bank','齐鲁银行','QLBANK',56,'2018-10-08 16:17:19',NULL),
('common-bank-SCCB','common-bank','三门峡银行','SCCB',87,'2018-10-08 16:17:19',NULL),
('common-bank-SCRCU','common-bank','四川省农村信用','SCRCU',51,'2018-10-08 16:17:19',NULL),
('common-bank-SDEB','common-bank','顺德农商银行','SDEB',84,'2018-10-08 16:17:19',NULL),
('common-bank-SDRCU','common-bank','山东农信','SDRCU',148,'2018-10-08 16:17:19',NULL),
('common-bank-SHBANK','common-bank','上海银行','SHBANK',111,'2018-10-08 16:17:19',NULL),
('common-bank-SHRCB','common-bank','上海农村商业银行','SHRCB',9,'2018-10-08 16:17:19',NULL),
('common-bank-SJBANK','common-bank','盛京银行','SJBANK',131,'2018-10-08 16:17:19',NULL),
('common-bank-SPABANK','common-bank','平安银行','SPABANK',19,'2018-10-08 16:17:19',NULL),
('common-bank-SPDB','common-bank','上海浦东发展银行','SPDB',126,'2018-10-08 16:17:19',NULL),
('common-bank-SRBANK','common-bank','上饶银行','SRBANK',62,'2018-10-08 16:17:19',NULL),
('common-bank-SRCB','common-bank','深圳农村商业银行','SRCB',144,'2018-10-08 16:17:19',NULL),
('common-bank-SXCB','common-bank','绍兴银行','SXCB',110,'2018-10-08 16:17:19',NULL),
('common-bank-SXRCCU','common-bank','陕西信合','SXRCCU',152,'2018-10-08 16:17:19',NULL),
('common-bank-SZSBK','common-bank','石嘴山银行','SZSBK',117,'2018-10-08 16:17:19',NULL),
('common-bank-TACCB','common-bank','泰安市商业银行','TACCB',155,'2018-10-08 16:17:19',NULL),
('common-bank-TCCB','common-bank','天津银行','TCCB',27,'2018-10-08 16:17:19',NULL),
('common-bank-TCRCB','common-bank','江苏太仓农村商业银行','TCRCB',146,'2018-10-08 16:17:19',NULL),
('common-bank-TRCB','common-bank','天津农商银行','TRCB',75,'2018-10-08 16:17:19',NULL),
('common-bank-TZCB','common-bank','台州银行','TZCB',47,'2018-10-08 16:17:19',NULL),
('common-bank-URMQCCB','common-bank','乌鲁木齐市商业银行','URMQCCB',80,'2018-10-08 16:17:19',NULL),
('common-bank-WHCCB','common-bank','威海市商业银行','WHCCB',96,'2018-10-08 16:17:19',NULL),
('common-bank-WHRCB','common-bank','武汉农村商业银行','WHRCB',28,'2018-10-08 16:17:19',NULL),
('common-bank-WJRCB','common-bank','吴江农商银行','WJRCB',92,'2018-10-08 16:17:19',NULL),
('common-bank-WRCB','common-bank','无锡农村商业银行','WRCB',57,'2018-10-08 16:17:19',NULL),
('common-bank-WZCB','common-bank','温州银行','WZCB',112,'2018-10-08 16:17:19',NULL),
('common-bank-XABANK','common-bank','西安银行','XABANK',73,'2018-10-08 16:17:19',NULL),
('common-bank-XCYH','common-bank','许昌银行','XCYH',12,'2018-10-08 16:17:19',NULL),
('common-bank-XLBANK','common-bank','中山小榄村镇银行','XLBANK',53,'2018-10-08 16:17:19',NULL),
('common-bank-XTB','common-bank','邢台银行','XTB',132,'2018-10-08 16:17:19',NULL),
('common-bank-XXBANK','common-bank','新乡银行','XXBANK',21,'2018-10-08 16:17:19',NULL),
('common-bank-XYBANK','common-bank','信阳银行','XYBANK',91,'2018-10-08 16:17:19',NULL),
('common-bank-YBCCB','common-bank','宜宾市商业银行','YBCCB',38,'2018-10-08 16:17:19',NULL),
('common-bank-YDRCB','common-bank','尧都农商行','YDRCB',43,'2018-10-08 16:17:19',NULL),
('common-bank-YNRCC','common-bank','云南省农村信用社','YNRCC',162,'2018-10-08 16:17:19',NULL),
('common-bank-YQCCB','common-bank','阳泉银行','YQCCB',130,'2018-10-08 16:17:19',NULL),
('common-bank-YXCCB','common-bank','玉溪市商业银行','YXCCB',69,'2018-10-08 16:17:19',NULL),
('common-bank-ZBCB','common-bank','齐商银行','ZBCB',116,'2018-10-08 16:17:19',NULL),
('common-bank-ZGCCB','common-bank','自贡市商业银行','ZGCCB',79,'2018-10-08 16:17:19',NULL),
('common-bank-ZJKCCB','common-bank','张家口市商业银行','ZJKCCB',32,'2018-10-08 16:17:19',NULL),
('common-bank-ZJNX','common-bank','浙江省农村信用社联合社','ZJNX',138,'2018-10-08 16:17:19',NULL),
('common-bank-ZJTLCB','common-bank','浙江泰隆商业银行','ZJTLCB',133,'2018-10-08 16:17:19',NULL),
('common-bank-ZRCBANK','common-bank','张家港农村商业银行','ZRCBANK',67,'2018-10-08 16:17:19',NULL),
('common-bank-ZYCBANK','common-bank','遵义市商业银行','ZYCBANK',129,'2018-10-08 16:17:19',NULL),
('common-bank-ZZBANK','common-bank','郑州银行','ZZBANK',145,'2018-10-08 16:17:19',NULL),
('common-sex','common','性别','性别下拉框',0,'2017-11-13 16:41:36',NULL),
('common-sex-man','common-sex','男','1',1,'2017-11-13 16:44:45','2017-11-30 15:16:30'),
('common-sex-secrecy','common-sex','保密','0',2,'2017-11-13 16:47:12','2017-12-11 09:51:11'),
('common-sex-woman','common-sex','女','2',0,'2017-11-13 16:44:06','2017-12-11 09:51:13'),
('common-status','common','状态',NULL,0,'2018-09-07 20:54:47','2018-09-13 08:56:08'),
('common-status-no','common-status','否','false',0,'2018-09-07 20:55:12','2018-09-13 08:55:47'),
('common-status-yes','common-status','是','true',1,'2018-09-07 20:55:12','2018-09-13 08:57:55'),
('common-yesOrNo','common','是否','是否选项下拉框',0,'2017-12-22 15:30:29','2017-12-22 15:31:04'),
('common-yesOrNo-no','common-yesOrNo','否','0',0,'2017-12-22 15:33:09',NULL),
('common-yesOrNo-yes','common-yesOrNo','是','1',1,'2017-12-22 15:31:43',NULL),
('level','__ROOT__','级别',NULL,0,'2018-09-07 10:39:20','2018-09-07 10:39:35'),
('level-type','level','级别类型',NULL,0,'2018-09-07 10:39:54',NULL),
('level-type-course','level-type','课程','1',1,'2018-09-07 10:40:36',NULL),
('level-type-point','level-type','知识点','4',4,'2018-09-07 10:41:47',NULL),
('level-type-subject','level-type','科目','0',0,'2018-09-07 10:40:23',NULL),
('level-type-topic','level-type','主题','3',3,'2018-09-07 10:41:32',NULL),
('level-type-unit','level-type','单元','2',2,'2018-09-07 10:41:02',NULL),
('level-type2','level','科目类型2',NULL,1,'2018-09-08 11:35:00',NULL),
('level-type2-course','level-type2','课程','course',1,'2018-09-08 11:36:57',NULL),
('level-type2-point','level-type2','知识点','point',4,'2018-09-08 11:38:09',NULL),
('level-type2-subject','level-type2','科目','subject',0,'2018-09-08 11:36:39',NULL),
('level-type2-topic','level-type2','主题','topic',3,'2018-09-08 11:37:44',NULL),
('level-type2-unit','level-type2','单元','unit',2,'2018-09-08 11:37:24',NULL),
('noticeInfo','__ROOT__','公告配置',NULL,0,'2017-11-14 16:40:58',NULL),
('noticeInfo-status','noticeInfo','状态','待发布',0,'2017-11-14 16:41:46','2017-11-14 16:42:02'),
('noticeInfo-status-status0','noticeInfo-status','待发布','0',0,'2017-11-14 16:42:33','2017-11-15 11:23:40'),
('noticeInfo-status-status1','noticeInfo-status','发布','1',1,'2017-11-14 16:42:46','2017-11-15 11:24:44'),
('noticeInfo-status-status2','noticeInfo-status','删除','2',2,'2017-11-14 16:43:03','2017-11-15 11:24:53'),
('noticeInfo-type','noticeInfo','公告类型',NULL,0,'2017-11-15 14:45:39',NULL),
('noticeInfo-type-type1','noticeInfo-type','公告','1',1,'2017-11-15 14:46:11',NULL),
('noticeInfo-type-type2','noticeInfo-type','帮助文档','2',2,'2017-11-15 14:46:22',NULL),
('noticeInfo-type-type3','noticeInfo-type','法律','3',3,'2017-11-15 14:46:43',NULL),
('order','__ROOT__','订单',NULL,0,'2018-09-23 22:39:19',NULL),
('order-accStatus','order','入账状态',NULL,0,'2018-10-08 16:27:56',NULL),
('order-accStatus-accStatus0','order-accStatus','未入账','0',0,'2018-10-08 16:27:56',NULL),
('order-accStatus-accStatus1','order-accStatus','已入账','1',1,'2018-10-08 16:27:56',NULL),
('order-accStatus-accStatus2','order-accStatus','不入账','2',2,'2018-10-08 16:27:56',NULL),
('order-payment','order','支付方式',NULL,1,'2018-09-23 22:41:12',NULL),
('order-payment-wechat','order-payment','微信','1',0,'2018-09-23 22:41:44',NULL),
('order-payment-zfb','order-payment','支付宝','2',1,'2018-09-23 22:41:32',NULL),
('order-status','order','订单状态',NULL,2,'2018-09-23 22:42:11',NULL),
('order-status-status2','order-status','已支付','2',1,'2018-09-23 22:43:03',NULL),
('order-status-status3','order-status','已取消','3',2,'2018-09-23 22:43:20',NULL),
('order-status-stauts1','order-status','未支付','1',0,'2018-09-23 22:42:45',NULL),
('order-type','order','订单类型',NULL,0,'2018-09-23 22:39:39',NULL),
('order-type-course','order-type','课程','1',0,'2018-09-23 22:40:36',NULL),
('problem','__ROOT__','问题',NULL,0,'2018-09-08 09:39:36',NULL),
('problem-type','problem','问题类型',NULL,0,'2018-09-08 09:40:01',NULL),
('problem-type-fillin','problem-type','填空题','fillin',0,'2018-09-08 09:41:46',NULL),
('problem-type-selection','problem-type','选择题','selection',1,'2018-09-08 09:42:11',NULL),
('schedulerJob','__ROOT__','定时任务',NULL,0,'2017-11-30 20:45:09',NULL),
('schedulerJob-status','schedulerJob','状态',NULL,0,'2017-11-30 20:45:37',NULL),
('schedulerJob-status-status0','schedulerJob-status','停止','0',0,'2017-11-30 20:45:51',NULL),
('schedulerJob-status-status1','schedulerJob-status','启动','1',1,'2017-11-30 20:46:02',NULL),
('systemMessage','__ROOT__','系统消息',NULL,0,'2017-12-04 11:01:03',NULL),
('systemMessage-status','systemMessage','状态',NULL,0,'2017-12-04 11:01:03',NULL),
('systemMessage-status-status0','systemMessage-status','未发布','0',0,'2017-12-04 11:01:03',NULL),
('systemMessage-status-status1','systemMessage-status','未读','1',1,'2017-12-04 11:01:03',NULL),
('systemMessage-status-status2','systemMessage-status','已读','2',2,'2017-12-04 11:01:03',NULL),
('systemMessage-type','systemMessage','状态',NULL,0,'2017-12-04 11:01:03',NULL),
('systemMessage-type-type1','systemMessage-type','系统消息','1',0,'2017-12-04 11:01:03','2017-12-04 12:33:30'),
('systemMessage-type-type2','systemMessage-type','其他','2',1,'2017-12-04 11:01:03','2017-12-04 12:33:31'),
('teacher','__ROOT__','教师',NULL,0,'2018-09-25 14:29:08',NULL),
('teacher-famous','teacher','著名状态',NULL,1,'2018-09-25 14:29:51',NULL),
('teacher-famous-no','teacher-famous','非著名','0',1,'2018-09-25 14:30:13',NULL),
('teacher-famous-yes','teacher-famous','著名','1',0,'2018-09-25 14:30:01',NULL),
('tips','__ROOT__','提示',NULL,0,'2018-09-12 21:25:50',NULL),
('tips-type','tips','类型',NULL,0,'2018-09-12 21:26:11',NULL),
('tips-type-point','tips-type','关联知识点','1',1,'2018-09-12 21:26:45',NULL),
('tips-type-text','tips-type','仅文本','0',0,'2018-09-12 21:26:28',NULL),
('user','__ROOT__','用户相关',NULL,0,'2018-09-25 21:03:22','2018-07-03 09:29:25'),
('user-status','user','用户状态',NULL,0,'2018-09-25 21:03:22','2018-07-03 09:29:32'),
('user-status-status0','user-status','无效','0',0,'2018-09-25 21:03:22','2018-07-03 09:29:38'),
('user-status-status1','user-status','有效','1',1,'2018-09-25 21:03:22','2018-07-03 09:29:42');
UNLOCK TABLES;

LOCK TABLES `com_sequence` WRITE;
insert  into `com_sequence`(`name`,`prefix`,`description`,`current_num`,`increment`,`num_length`,`update_time`) values
('ROLE','R','角色表自定主键',10000002,1,4,NULL),
('USER','U','用户表自定主键',10000001,1,8,NULL);
UNLOCK TABLES;

LOCK TABLES `sys_role` WRITE;
insert  into `sys_role`(`role_id`,`name`,`description`,`create_time`,`update_time`) values
('R10000000','超级管理员','超级管理员','2018-10-05 10:38:48',NULL),
('R10000001','运营人员','运营管理员','2018-10-05 12:35:40','2018-10-05 12:38:48'),
('R10000002','分销商','分销商','2018-10-05 12:36:07',NULL);
UNLOCK TABLES;

LOCK TABLES `sys_user` WRITE;
insert  into `sys_user`(`user_id`,`login_name`,`name`,`password`,`mobilephone`,`email`,`user_type`,`status`,`create_time`,`update_time`) values
('U10000000','admin','admin','*A8D4738277EECEFF34494173B23F9DAE283F4FA8','13512345678','13512345678@163.com','0','1','2018-10-05 10:38:17',NULL),
('U10000001','operater','运营人员','*759AF38313F5084B1517546E96753A637613FBC6','13512398752','13512398752@163.com','0','1','2018-10-05 12:47:08',NULL);
UNLOCK TABLES;

LOCK TABLES `sys_user_role` WRITE;
insert  into `sys_user_role`(`user_id`,`role_id`,`create_time`)
values ('U10000000','R10000000','2018-10-05 10:39:01'),
('U10000001','R10000001','2018-10-05 12:47:19');
UNLOCK TABLES;

LOCK TABLES `sys_role_authorize` WRITE;
insert  into `sys_role_authorize`(`role_id`,`auth_code`,`create_time`) values
('R10000000','ACCEPT_WITHDRAWCASH_APPLY','2018-10-08 16:23:04'),
('R10000000','ACCOUNT_DETAIL_QUERY','2018-10-08 16:23:04'),
('R10000000','AGENT_ACCOUNT_QUERY','2018-10-08 16:23:04'),
('R10000000','AGENT_APPLY_WITHDRAWCASH','2018-10-08 16:23:04'),
('R10000000','AGENT_DETAIL_QUERY','2018-10-11 13:46:53'),
('R10000000','AGENT_INSERT','2018-10-11 13:46:53'),
('R10000000','AGENT_QUERY','2018-10-11 13:46:53'),
('R10000000','AGENT_RESET_PASSWORD','2018-10-11 13:46:53'),
('R10000000','AGENT_UPDATE','2018-10-11 13:46:53'),
('R10000000','AGENT_UPDATE_STATUS','2018-10-11 13:46:53'),
('R10000000','APPLY_WITHDRAWCASH_QUERY','2018-10-08 16:23:04'),
('R10000000','AUTHORIZE_QUERY','2018-10-08 16:23:04'),
('R10000000','AUTHORIZE_ROLE_QUERY','2018-10-08 16:23:04'),
('R10000000','AUTHORIZE_ROLE_UPDATE','2018-10-08 16:23:04'),
('R10000000','CANCEL_WITHDRAWCASH_APPLY','2018-10-08 16:23:04'),
('R10000000','COURSE_DELETE','2018-10-08 16:23:04'),
('R10000000','COURSE_INSERT','2018-10-08 16:23:04'),
('R10000000','COURSE_QUERY','2018-10-08 16:23:04'),
('R10000000','COURSE_UPDATE','2018-10-08 16:23:04'),
('R10000000','FILE_INSERT','2018-10-08 16:23:04'),
('R10000000','IMAGE_INSERT','2018-10-08 16:23:04'),
('R10000000','MENU_DELETE','2018-10-08 16:23:04'),
('R10000000','MENU_INSERT','2018-10-08 16:23:04'),
('R10000000','MENU_QUERY','2018-10-08 16:23:04'),
('R10000000','MENU_UPDATE','2018-10-08 16:23:04'),
('R10000000','META_DELETE','2018-10-08 16:23:04'),
('R10000000','META_INSERT','2018-10-08 16:23:04'),
('R10000000','META_QUERY','2018-10-08 16:23:04'),
('R10000000','META_UPDATE','2018-10-08 16:23:04'),
('R10000000','MY_AGENT_QUERY','2018-10-08 16:23:04'),
('R10000000','ORDER_QUERY','2018-10-08 16:39:20'),
('R10000000','ORDER_SHARE_INTO_ACCOUNT','2018-10-08 16:39:20'),
('R10000000','POINT_DELETE','2018-10-08 16:23:04'),
('R10000000','POINT_INSERT','2018-10-08 16:23:04'),
('R10000000','POINT_QUERY','2018-10-08 16:23:04'),
('R10000000','POINT_UPDATE','2018-10-08 16:23:04'),
('R10000000','PROBLEM_DELETE','2018-10-08 16:23:04'),
('R10000000','PROBLEM_INSERT','2018-10-08 16:23:04'),
('R10000000','PROBLEM_QUERY','2018-10-08 16:23:04'),
('R10000000','PROBLEM_SET_INSERT','2018-10-08 16:23:04'),
('R10000000','PROBLEM_SET_QUERY','2018-10-08 16:23:04'),
('R10000000','PROBLEM_SET_UPDATE','2018-10-08 16:23:04'),
('R10000000','PROBLEM_UPDATE','2018-10-08 16:23:04'),
('R10000000','REGISTER_DELETE','2018-10-08 16:23:04'),
('R10000000','REGISTER_INSERT','2018-10-08 16:23:04'),
('R10000000','REGISTER_QUERY','2018-10-08 16:23:04'),
('R10000000','REGISTER_UPDATE','2018-10-08 16:23:04'),
('R10000000','REJECT_WITHDRAWCASH_APPLY','2018-10-08 16:23:04'),
('R10000000','ROLE_DELETE','2018-10-08 16:23:04'),
('R10000000','ROLE_INSERT','2018-10-08 16:23:04'),
('R10000000','ROLE_QUERY','2018-10-08 16:23:04'),
('R10000000','ROLE_UPDATE','2018-10-08 16:23:04'),
('R10000000','SHARE_DETAIL_QUERY','2018-10-08 16:23:04'),
('R10000000','STUDENT_QUERY','2018-10-08 16:23:04'),
('R10000000','STUDENT_VIDEO_QUERY','2018-10-08 16:23:04'),
('R10000000','SUBJECT_DELETE','2018-10-08 16:23:04'),
('R10000000','SUBJECT_INSERT','2018-10-08 16:23:04'),
('R10000000','SUBJECT_QUERY','2018-10-08 16:23:04'),
('R10000000','SUBJECT_UPDATE','2018-10-08 16:23:04'),
('R10000000','TEACHER_DELETE','2018-10-08 16:23:04'),
('R10000000','TEACHER_INSERT','2018-10-08 16:23:04'),
('R10000000','TEACHER_QUERY','2018-10-08 16:23:04'),
('R10000000','TEACHER_UPDATE','2018-10-08 16:23:04'),
('R10000000','TOPIC_DELETE','2018-10-08 16:23:04'),
('R10000000','TOPIC_INSERT','2018-10-08 16:23:04'),
('R10000000','TOPIC_QUERY','2018-10-08 16:23:04'),
('R10000000','TOPIC_UPDATE','2018-10-08 16:23:04'),
('R10000000','UNIT_DELETE','2018-10-08 16:23:04'),
('R10000000','UNIT_INSERT','2018-10-08 16:23:04'),
('R10000000','UNIT_QUERY','2018-10-08 16:23:04'),
('R10000000','UNIT_UPDATE','2018-10-08 16:23:04'),
('R10000000','USER_DELETE','2018-10-08 16:23:04'),
('R10000000','USER_INSERT','2018-10-08 16:23:04'),
('R10000000','USER_OPER_LOG_QUERY','2018-10-12 16:18:08'),
('R10000000','USER_QUERY','2018-10-08 16:23:04'),
('R10000000','USER_RESET_PASSWORD','2018-10-08 16:23:04'),
('R10000000','USER_ROLE_QUERY','2018-10-08 16:23:04'),
('R10000000','USER_ROLE_UPDATE','2018-10-08 16:23:04'),
('R10000000','USER_UPDATE','2018-10-08 16:23:04'),
('R10000002','ACCOUNT_DETAIL_QUERY','2018-10-09 14:05:25'),
('R10000002','AGENT_ACCOUNT_QUERY','2018-10-09 14:05:15'),
('R10000002','AGENT_APPLY_WITHDRAWCASH','2018-10-09 14:09:18'),
('R10000002','AGENT_DETAIL_QUERY','2018-10-09 14:05:12'),
('R10000002','AGENT_QUERY','2018-10-09 14:05:12'),
('R10000002','APPLY_WITHDRAWCASH_QUERY','2018-10-09 14:05:19'),
('R10000002','CANCEL_WITHDRAWCASH_APPLY','2018-10-09 14:05:19'),
('R10000002','MY_AGENT_QUERY','2018-10-09 14:09:18'),
('R10000002','ORDER_QUERY','2018-10-12 16:16:24'),
('R10000002','SHARE_DETAIL_QUERY','2018-10-09 14:05:22'),
('R10000002','STUDENT_QUERY','2018-10-12 16:16:34'),
('R10000002','STUDENT_VIDEO_QUERY','2018-10-12 16:16:34');
UNLOCK TABLES;

LOCK TABLES `sys_role_menu` WRITE;
insert  into `sys_role_menu`(`role_id`,`menu_id`,`create_time`) values
('R10000000','accountDetail','2018-10-05 12:27:37'),
('R10000000','agent','2018-10-05 12:27:37'),
('R10000000','agentAccount','2018-10-05 12:27:37'),
('R10000000','agentList','2018-10-11 13:46:53'),
('R10000000','applyWithdrawCash','2018-10-05 12:27:37'),
('R10000000','authManage','2018-10-05 12:27:37'),
('R10000000','baseInfoManage','2018-10-05 12:27:37'),
('R10000000','basicManage','2018-10-05 12:27:37'),
('R10000000','courseAttr','2018-10-05 12:27:37'),
('R10000000','courseAttrSetting','2018-10-05 12:27:37'),
('R10000000','courseList','2018-10-05 12:27:37'),
('R10000000','courseManage','2018-10-05 12:27:37'),
('R10000000','financeManage','2018-10-05 12:27:37'),
('R10000000','homeSetting','2018-10-05 12:27:37'),
('R10000000','horseLantern','2018-10-05 12:27:37'),
('R10000000','knowledge','2018-10-05 12:27:37'),
('R10000000','knowledgeVideo','2018-10-05 12:27:37'),
('R10000000','logManage','2018-10-12 16:18:08'),
('R10000000','memberManage','2018-10-05 12:27:37'),
('R10000000','menuManage','2018-10-05 12:27:37'),
('R10000000','metaManage','2018-10-05 12:27:37'),
('R10000000','orderManage','2018-10-08 16:39:20'),
('R10000000','pictureList','2018-10-05 12:27:37'),
('R10000000','pointManage','2018-10-05 12:27:37'),
('R10000000','problemSetManage','2018-10-05 12:27:37'),
('R10000000','registerManage','2018-10-05 12:27:37'),
('R10000000','roleManage','2018-10-05 12:27:37'),
('R10000000','shareDetail','2018-10-05 12:27:37'),
('R10000000','studentManage','2018-10-05 12:27:37'),
('R10000000','subjectList','2018-10-05 12:27:37'),
('R10000000','subjectManage','2018-10-05 12:27:37'),
('R10000000','systemConfig','2018-10-05 12:27:37'),
('R10000000','systemManage','2018-10-05 12:27:37'),
('R10000000','teacherManage','2018-10-05 12:27:37'),
('R10000000','themeList','2018-10-05 12:27:37'),
('R10000000','topicManage','2018-10-05 12:27:37'),
('R10000000','unitList','2018-10-05 12:27:37'),
('R10000000','unitManage','2018-10-05 12:27:37'),
('R10000000','userManage','2018-10-05 12:27:37'),
('R10000001','agent','2018-10-05 12:37:50'),
('R10000001','agentAccount','2018-10-05 12:38:03'),
('R10000001','agentList','2018-10-05 12:38:00'),
('R10000001','applyWithdrawCash','2018-10-05 12:38:07'),
('R10000001','baseInfoManage','2018-10-05 12:36:52'),
('R10000001','basicManage','2018-10-05 12:36:16'),
('R10000001','courseAttr','2018-10-05 12:37:10'),
('R10000001','courseAttrSetting','2018-10-05 12:37:23'),
('R10000001','courseList','2018-10-05 12:36:57'),
('R10000001','courseManage','2018-10-05 12:36:24'),
('R10000001','financeManage','2018-10-05 12:37:43'),
('R10000001','homeSetting','2018-10-05 12:37:15'),
('R10000001','horseLantern','2018-10-05 12:37:17'),
('R10000001','knowledge','2018-10-05 12:37:05'),
('R10000001','knowledgeVideo','2018-10-05 12:37:07'),
('R10000001','memberManage','2018-10-05 12:37:32'),
('R10000001','orderManage','2018-10-05 12:48:02'),
('R10000001','pictureList','2018-10-05 12:37:20'),
('R10000001','pointManage','2018-10-05 12:36:35'),
('R10000001','problemSetManage','2018-10-05 12:36:42'),
('R10000001','shareDetail','2018-10-05 12:38:11'),
('R10000001','studentManage','2018-10-05 12:37:36'),
('R10000001','subjectList','2018-10-05 12:36:54'),
('R10000001','subjectManage','2018-10-05 12:36:20'),
('R10000001','teacherManage','2018-10-05 12:37:39'),
('R10000001','themeList','2018-10-05 12:37:02'),
('R10000001','topicManage','2018-10-05 12:36:32'),
('R10000001','unitList','2018-10-05 12:36:59'),
('R10000001','unitManage','2018-10-05 12:36:28'),
('R10000002','accountDetail','2018-10-09 14:05:25'),
('R10000002','agent','2018-10-05 12:38:59'),
('R10000002','agentAccount','2018-10-09 14:05:15'),
('R10000002','agentList','2018-10-09 14:05:12'),
('R10000002','applyWithdrawCash','2018-10-09 14:05:19'),
('R10000002','memberManage','2018-10-12 16:16:29'),
('R10000002','myAgentInfo','2018-10-09 14:09:18'),
('R10000002','orderManage','2018-10-12 16:16:24'),
('R10000002','shareDetail','2018-10-09 14:05:22'),
('R10000002','studentManage','2018-10-12 16:16:34');
UNLOCK TABLES;
