DELETE FROM a_account_detail;
DELETE FROM a_agent_account;
DELETE FROM a_agent_info;
DELETE FROM a_agent_share_rule;
DELETE FROM a_apply_withdraw_cash;
DELETE FROM a_share_detail;
DELETE FROM sys_user_role WHERE user_id IN (
	SELECT user_id FROM sys_user WHERE user_type = 1
);
DELETE FROM sys_user WHERE user_type = 1;

insert  into `a_agent_account`(`account_id`,`agent_no`,`total_income`,`withdraw_cash`,`balance`,`available_balance`,`frozen_balance`,`create_time`,`update_time`) values
('ACC10000007','A1007',0.00,0.00,0.00,0.00,0.00,'2018-11-07 17:08:27',NULL),
('ACC10000008','A1008',0.00,0.00,0.00,0.00,0.00,'2018-11-07 17:12:35',NULL),
('ACC10000009','A1009',0.00,0.00,0.00,0.00,0.00,'2018-11-07 17:31:41',NULL),
('ACC10000010','A1010',0.00,0.00,0.00,0.00,0.00,'2018-11-07 17:31:41',NULL),
('ACC10000011','A1011',0.00,0.00,0.00,0.00,0.00,'2018-11-07 17:31:42',NULL),
('ACC10000012','A1012',0.00,0.00,0.00,0.00,0.00,'2018-11-07 17:31:42',NULL),
('ACC10000013','A1013',0.00,0.00,0.00,0.00,0.00,'2018-11-07 17:31:42',NULL),
('ACC10000014','A1014',0.00,0.00,0.00,0.00,0.00,'2018-11-07 17:31:42',NULL),
('ACC10000015','A1015',0.00,0.00,0.00,0.00,0.00,'2018-11-07 17:31:42',NULL),
('ACC10000016','A1016',0.00,0.00,0.00,0.00,0.00,'2018-11-07 17:31:42',NULL),
('ACC10000017','A1017',0.00,0.00,0.00,0.00,0.00,'2018-11-07 17:32:52',NULL),
('ACC10000018','A1018',0.00,0.00,0.00,0.00,0.00,'2018-11-07 17:32:52',NULL),
('ACC10000019','A1019',0.00,0.00,0.00,0.00,0.00,'2018-11-07 17:32:52',NULL),
('ACC10000020','A1020',0.00,0.00,0.00,0.00,0.00,'2018-11-07 17:32:52',NULL),
('ACC10000021','A1021',0.00,0.00,0.00,0.00,0.00,'2018-11-07 17:32:53',NULL),
('ACC10000022','A1022',0.00,0.00,0.00,0.00,0.00,'2018-11-07 17:32:53',NULL),
('ACC10000023','A1023',0.00,0.00,0.00,0.00,0.00,'2018-11-07 17:32:53',NULL),
('ACC10000024','A1024',0.00,0.00,0.00,0.00,0.00,'2018-11-07 17:32:53',NULL),
('ACC10000025','A1025',0.00,0.00,0.00,0.00,0.00,'2018-11-07 17:32:53',NULL),
('ACC10000026','A1026',0.00,0.00,0.00,0.00,0.00,'2018-11-07 17:32:53',NULL),
('ACC10000027','A1027',0.00,0.00,0.00,0.00,0.00,'2018-11-07 17:32:53',NULL),
('ACC10000028','A1028',0.00,0.00,0.00,0.00,0.00,'2018-11-07 17:32:53',NULL),
('ACC10000029','A1029',0.00,0.00,0.00,0.00,0.00,'2018-11-07 17:32:53',NULL),
('ACC10000030','A1030',0.00,0.00,0.00,0.00,0.00,'2018-11-07 17:32:54',NULL),
('ACC10000031','A1031',0.00,0.00,0.00,0.00,0.00,'2018-11-07 17:32:54',NULL),
('ACC10000032','A1032',0.00,0.00,0.00,0.00,0.00,'2018-11-07 17:32:54',NULL),
('ACC10000033','A1033',0.00,0.00,0.00,0.00,0.00,'2018-11-07 17:32:54',NULL),
('ACC10000034','A1034',0.00,0.00,0.00,0.00,0.00,'2018-11-07 17:32:54',NULL),
('ACC10000035','A1035',0.00,0.00,0.00,0.00,0.00,'2018-11-07 17:32:54',NULL),
('ACC10000036','A1036',0.00,0.00,0.00,0.00,0.00,'2018-11-07 17:32:54',NULL),
('ACC10000037','A1037',0.00,0.00,0.00,0.00,0.00,'2018-11-07 17:32:54',NULL),
('ACC10000038','A1038',0.00,0.00,0.00,0.00,0.00,'2018-11-07 17:32:54',NULL),
('ACC10000039','A1039',0.00,0.00,0.00,0.00,0.00,'2018-11-07 17:32:54',NULL),
('ACC10000040','A1040',0.00,0.00,0.00,0.00,0.00,'2018-11-07 17:32:54',NULL),
('ACC10000041','A1041',0.00,0.00,0.00,0.00,0.00,'2018-11-07 17:32:54',NULL),
('ACC10000042','A1042',0.00,0.00,0.00,0.00,0.00,'2018-11-07 17:32:54',NULL),
('ACC10000043','A1043',0.00,0.00,0.00,0.00,0.00,'2018-11-07 17:32:54',NULL),
('ACC10000044','A1044',0.00,0.00,0.00,0.00,0.00,'2018-11-07 17:32:54',NULL),
('ACC10000045','A1045',0.00,0.00,0.00,0.00,0.00,'2018-11-07 17:32:54',NULL),
('ACC10000046','A1046',0.00,0.00,0.00,0.00,0.00,'2018-11-07 17:32:54',NULL),
('ACC10000047','A1047',0.00,0.00,0.00,0.00,0.00,'2018-11-07 17:32:54',NULL),
('ACC10000048','A1048',0.00,0.00,0.00,0.00,0.00,'2018-11-07 17:32:54',NULL),
('ACC10000049','A1049',0.00,0.00,0.00,0.00,0.00,'2018-11-07 17:32:54',NULL),
('ACC10000050','A1050',0.00,0.00,0.00,0.00,0.00,'2018-11-07 17:32:54',NULL),
('ACC10000051','A1051',0.00,0.00,0.00,0.00,0.00,'2018-11-07 17:32:55',NULL),
('ACC10000052','A1052',0.00,0.00,0.00,0.00,0.00,'2018-11-07 17:32:55',NULL),
('ACC10000053','A1053',0.00,0.00,0.00,0.00,0.00,'2018-11-07 17:32:55',NULL),
('ACC10000054','A1054',0.00,0.00,0.00,0.00,0.00,'2018-11-07 17:32:55',NULL),
('ACC10000055','A1055',0.00,0.00,0.00,0.00,0.00,'2018-11-07 17:32:55',NULL),
('ACC10000056','A1056',0.00,0.00,0.00,0.00,0.00,'2018-11-07 17:32:55',NULL),
('ACC10000057','A1057',0.00,0.00,0.00,0.00,0.00,'2018-11-07 17:32:55',NULL),
('ACC10000058','A1058',0.00,0.00,0.00,0.00,0.00,'2018-11-07 17:32:55',NULL),
('ACC10000059','A1059',0.00,0.00,0.00,0.00,0.00,'2018-11-07 17:32:55',NULL),
('ACC10000060','A1060',0.00,0.00,0.00,0.00,0.00,'2018-11-07 17:32:55',NULL),
('ACC10000061','A1061',0.00,0.00,0.00,0.00,0.00,'2018-11-07 17:32:55',NULL),
('ACC10000062','A1062',0.00,0.00,0.00,0.00,0.00,'2018-11-07 17:32:55',NULL),
('ACC10000063','A1063',0.00,0.00,0.00,0.00,0.00,'2018-11-07 17:32:55',NULL),
('ACC10000064','A1064',0.00,0.00,0.00,0.00,0.00,'2018-11-07 17:32:55',NULL),
('ACC10000065','A1065',0.00,0.00,0.00,0.00,0.00,'2018-11-07 17:32:55',NULL),
('ACC10000066','A1066',0.00,0.00,0.00,0.00,0.00,'2018-11-07 17:32:55',NULL),
('ACC10000067','A1067',0.00,0.00,0.00,0.00,0.00,'2018-11-07 17:32:55',NULL),
('ACC10000068','A1068',0.00,0.00,0.00,0.00,0.00,'2018-11-07 17:32:55',NULL),
('ACC10000069','A1069',0.00,0.00,0.00,0.00,0.00,'2018-11-07 17:32:56',NULL),
('ACC10000070','A1070',0.00,0.00,0.00,0.00,0.00,'2018-11-07 17:32:56',NULL),
('ACC10000071','A1071',0.00,0.00,0.00,0.00,0.00,'2018-11-07 17:32:56',NULL),
('ACC10000072','A1072',0.00,0.00,0.00,0.00,0.00,'2018-11-07 17:32:56',NULL),
('ACC10000073','A1073',0.00,0.00,0.00,0.00,0.00,'2018-11-07 17:32:56',NULL),
('ACC10000074','A1074',0.00,0.00,0.00,0.00,0.00,'2018-11-07 17:32:56',NULL),
('ACC10000075','A1075',0.00,0.00,0.00,0.00,0.00,'2018-11-07 17:32:56',NULL),
('ACC10000076','A1076',0.00,0.00,0.00,0.00,0.00,'2018-11-07 17:32:56',NULL),
('ACC10000077','A1077',0.00,0.00,0.00,0.00,0.00,'2018-11-07 17:32:56',NULL),
('ACC10000078','A1078',0.00,0.00,0.00,0.00,0.00,'2018-11-07 17:32:56',NULL),
('ACC10000079','A1079',0.00,0.00,0.00,0.00,0.00,'2018-11-07 17:32:56',NULL),
('ACC10000080','A1080',0.00,0.00,0.00,0.00,0.00,'2018-11-07 17:32:56',NULL),
('ACC10000081','A1081',0.00,0.00,0.00,0.00,0.00,'2018-11-07 17:32:56',NULL),
('ACC10000082','A1082',0.00,0.00,0.00,0.00,0.00,'2018-11-07 17:32:56',NULL),
('ACC10000083','A1083',0.00,0.00,0.00,0.00,0.00,'2018-11-07 17:32:56',NULL),
('ACC10000084','A1084',0.00,0.00,0.00,0.00,0.00,'2018-11-07 17:32:56',NULL),
('ACC10000085','A1085',0.00,0.00,0.00,0.00,0.00,'2018-11-07 17:32:56',NULL),
('ACC10000086','A1086',0.00,0.00,0.00,0.00,0.00,'2018-11-07 17:32:56',NULL),
('ACC10000087','A1087',0.00,0.00,0.00,0.00,0.00,'2018-11-07 17:32:57',NULL),
('ACC10000088','A1088',0.00,0.00,0.00,0.00,0.00,'2018-11-07 17:32:57',NULL),
('ACC10000089','A1089',0.00,0.00,0.00,0.00,0.00,'2018-11-07 17:32:57',NULL),
('ACC10000090','A1090',0.00,0.00,0.00,0.00,0.00,'2018-11-07 17:32:57',NULL),
('ACC10000091','A1091',0.00,0.00,0.00,0.00,0.00,'2018-11-07 17:32:57',NULL),
('ACC10000092','A1092',0.00,0.00,0.00,0.00,0.00,'2018-11-07 17:32:57',NULL),
('ACC10000093','A1093',0.00,0.00,0.00,0.00,0.00,'2018-11-07 17:32:57',NULL),
('ACC10000094','A1094',0.00,0.00,0.00,0.00,0.00,'2018-11-07 17:32:57',NULL),
('ACC10000095','A1095',0.00,0.00,0.00,0.00,0.00,'2018-11-07 17:32:57',NULL),
('ACC10000096','A1096',0.00,0.00,0.00,0.00,0.00,'2018-11-07 17:32:57',NULL),
('ACC10000097','A1097',0.00,0.00,0.00,0.00,0.00,'2018-11-07 17:32:57',NULL),
('ACC10000098','A1098',0.00,0.00,0.00,0.00,0.00,'2018-11-07 17:32:57',NULL),
('ACC10000099','A1099',0.00,0.00,0.00,0.00,0.00,'2018-11-07 17:32:57',NULL),
('ACC10000100','A1100',0.00,0.00,0.00,0.00,0.00,'2018-11-07 17:32:57',NULL);


insert  into `a_agent_info`(`agent_no`,`name`,`parent_id`,`agent_type`,`status`,`work_phone`,`description`,`province`,`city`,`county`,`city_name`,`address`,`id_card`,`real_name`,`account_no`,`account_name`,`wechat_name`,`wechat_code_url`,`zfb_name`,`zfb_code_url`,`card_type`,`bank`,`user_id`,`salesman`,`create_time`,`update_time`) values
('A1007','王俊生老师','0','2','1','075585522362','深圳南山区快乐幼儿园幼师','44','440300000000','440305000000','广东省深圳市南山区',NULL,'440582199002031563','王俊生','6226221523658596','王俊生',NULL,NULL,NULL,NULL,'DC','CMBC','U10000023','U10000000','2018-11-07 17:08:27',NULL),
('A1008','王君如老师','0','2','1','075596526324','广州番禺小学小学班主任','44','440100000000','440103000000','广东省广州市荔湾区',NULL,'440586199005061253','王君如','6226229654123560','王君如',NULL,NULL,NULL,NULL,NULL,NULL,'U10000024','U10000000','2018-11-07 17:12:35',NULL),
('A1009','殷效老师','0','2','1','075512355331','广州番禺小学小学班主任','44','440100000000','440103000000','广东省广州市荔湾区',NULL,'440586199005061253','殷效','2988753615898344962','殷效',NULL,NULL,NULL,NULL,NULL,NULL,'U10000025','U10000000','2018-11-07 17:31:41',NULL),
('A1010','左籍老师','0','2','1','075548690219','广州番禺小学小学班主任','44','440100000000','440103000000','广东省广州市荔湾区',NULL,'440586199005061253','左籍','508160374075866808','左籍',NULL,NULL,NULL,NULL,NULL,NULL,'U10000026','U10000000','2018-11-07 17:31:41',NULL),
('A1011','支侍妇老师','0','2','1','075580527692','广州番禺小学小学班主任','44','440100000000','440103000000','广东省广州市荔湾区',NULL,'440586199005061253','支侍妇','9863130381494337101','支侍妇',NULL,NULL,NULL,NULL,NULL,NULL,'U10000027','U10000000','2018-11-07 17:31:42',NULL),
('A1012','岳说老师','0','2','1','075544465339','广州番禺小学小学班主任','44','440100000000','440103000000','广东省广州市荔湾区',NULL,'440586199005061253','岳说','185698150647248034','岳说',NULL,NULL,NULL,NULL,NULL,NULL,'U10000028','U10000000','2018-11-07 17:31:42',NULL),
('A1013','羊士慕老师','0','2','1','075514044183','广州番禺小学小学班主任','44','440100000000','440103000000','广东省广州市荔湾区',NULL,'440586199005061253','羊士慕','338937016906749965','羊士慕',NULL,NULL,NULL,NULL,NULL,NULL,'U10000029','U10000000','2018-11-07 17:31:42',NULL),
('A1014','有写老师','0','2','1','075593988115','广州番禺小学小学班主任','44','440100000000','440103000000','广东省广州市荔湾区',NULL,'440586199005061253','有写','0928848006762884151','有写',NULL,NULL,NULL,NULL,NULL,NULL,'U10000030','U10000000','2018-11-07 17:31:42',NULL),
('A1015','冶顾老师','0','2','1','075585479366','广州番禺小学小学班主任','44','440100000000','440103000000','广东省广州市荔湾区',NULL,'440586199005061253','冶顾','842624624888380882','冶顾',NULL,NULL,NULL,NULL,NULL,NULL,'U10000031','U10000000','2018-11-07 17:31:42',NULL),
('A1016','陈腾位老师','0','2','1','075585458171','广州番禺小学小学班主任','44','440100000000','440103000000','广东省广州市荔湾区',NULL,'440586199005061253','陈腾位','849018026901314443','陈腾位',NULL,NULL,NULL,NULL,NULL,NULL,'U10000032','U10000000','2018-11-07 17:31:42',NULL),
('A1017','屈直陋老师','0','2','1','075576682069','广州番禺小学小学班主任','44','440100000000','440103000000','广东省广州市荔湾区',NULL,'440586199005061253','屈直陋','609586955242072113','屈直陋',NULL,NULL,NULL,NULL,NULL,NULL,'U10000033','U10000000','2018-11-07 17:32:52',NULL),
('A1018','郈怡老师','0','2','1','075529845266','广州番禺小学小学班主任','44','440100000000','440103000000','广东省广州市荔湾区',NULL,'440586199005061253','郈怡','3658227874069594923','郈怡',NULL,NULL,NULL,NULL,NULL,NULL,'U10000034','U10000000','2018-11-07 17:32:52',NULL),
('A1019','弘洁息老师','0','2','1','075574683105','广州番禺小学小学班主任','44','440100000000','440103000000','广东省广州市荔湾区',NULL,'440586199005061253','弘洁息','1116099948845367187','弘洁息',NULL,NULL,NULL,NULL,NULL,NULL,'U10000035','U10000000','2018-11-07 17:32:52',NULL),
('A1020','晋交老师','0','2','1','075580026882','广州番禺小学小学班主任','44','440100000000','440103000000','广东省广州市荔湾区',NULL,'440586199005061253','晋交','916702497198992053','晋交',NULL,NULL,NULL,NULL,NULL,NULL,'U10000036','U10000000','2018-11-07 17:32:52',NULL),
('A1021','漆绩凉老师','0','2','1','075547653960','广州番禺小学小学班主任','44','440100000000','440103000000','广东省广州市荔湾区',NULL,'440586199005061253','漆绩凉','6220884551295183137','漆绩凉',NULL,NULL,NULL,NULL,NULL,NULL,'U10000037','U10000000','2018-11-07 17:32:53',NULL),
('A1022','阙首盈老师','0','2','1','075531552796','广州番禺小学小学班主任','44','440100000000','440103000000','广东省广州市荔湾区',NULL,'440586199005061253','阙首盈','9459915593893927940','阙首盈',NULL,NULL,NULL,NULL,NULL,NULL,'U10000038','U10000000','2018-11-07 17:32:53',NULL),
('A1023','屈洪老师','0','2','1','075544028528','广州番禺小学小学班主任','44','440100000000','440103000000','广东省广州市荔湾区',NULL,'440586199005061253','屈洪','041957443204744221','屈洪',NULL,NULL,NULL,NULL,NULL,NULL,'U10000039','U10000000','2018-11-07 17:32:53',NULL),
('A1024','蔡田罔老师','0','2','1','075564746258','广州番禺小学小学班主任','44','440100000000','440103000000','广东省广州市荔湾区',NULL,'440586199005061253','蔡田罔','694804397424672931','蔡田罔',NULL,NULL,NULL,NULL,NULL,NULL,'U10000040','U10000000','2018-11-07 17:32:53',NULL),
('A1025','裴恭期老师','0','2','1','075544740431','广州番禺小学小学班主任','44','440100000000','440103000000','广东省广州市荔湾区',NULL,'440586199005061253','裴恭期','571414838641211428','裴恭期',NULL,NULL,NULL,NULL,NULL,NULL,'U10000041','U10000000','2018-11-07 17:32:53',NULL),
('A1026','舒皇老师','0','2','1','075536462482','广州番禺小学小学班主任','44','440100000000','440103000000','广东省广州市荔湾区',NULL,'440586199005061253','舒皇','474319275288095346','舒皇',NULL,NULL,NULL,NULL,NULL,NULL,'U10000042','U10000000','2018-11-07 17:32:53',NULL),
('A1027','全敕中老师','0','2','1','075503722975','广州番禺小学小学班主任','44','440100000000','440103000000','广东省广州市荔湾区',NULL,'440586199005061253','全敕中','192553893473310414','全敕中',NULL,NULL,NULL,NULL,NULL,NULL,'U10000043','U10000000','2018-11-07 17:32:53',NULL),
('A1028','廉而老师','0','2','1','075598550113','广州番禺小学小学班主任','44','440100000000','440103000000','广东省广州市荔湾区',NULL,'440586199005061253','廉而','1702864143446367199','廉而',NULL,NULL,NULL,NULL,NULL,NULL,'U10000044','U10000000','2018-11-07 17:32:53',NULL),
('A1029','徐引俊老师','0','2','1','075523183083','广州番禺小学小学班主任','44','440100000000','440103000000','广东省广州市荔湾区',NULL,'440586199005061253','徐引俊','093934259674091732','徐引俊',NULL,NULL,NULL,NULL,NULL,NULL,'U10000045','U10000000','2018-11-07 17:32:53',NULL),
('A1030','童百老师','0','2','1','075545330002','广州番禺小学小学班主任','44','440100000000','440103000000','广东省广州市荔湾区',NULL,'440586199005061253','童百','6383862902059667427','童百',NULL,NULL,NULL,NULL,NULL,NULL,'U10000046','U10000000','2018-11-07 17:32:54',NULL),
('A1031','蔡尹书老师','0','2','1','075533815404','广州番禺小学小学班主任','44','440100000000','440103000000','广东省广州市荔湾区',NULL,'440586199005061253','蔡尹书','1971772764392502432','蔡尹书',NULL,NULL,NULL,NULL,NULL,NULL,'U10000047','U10000000','2018-11-07 17:32:54',NULL),
('A1032','康侠等老师','0','2','1','075580382153','广州番禺小学小学班主任','44','440100000000','440103000000','广东省广州市荔湾区',NULL,'440586199005061253','康侠等','6705323487020959345','康侠等',NULL,NULL,NULL,NULL,NULL,NULL,'U10000048','U10000000','2018-11-07 17:32:54',NULL),
('A1033','缪碑老师','0','2','1','075553400827','广州番禺小学小学班主任','44','440100000000','440103000000','广东省广州市荔湾区',NULL,'440586199005061253','缪碑','4776948270391918356','缪碑',NULL,NULL,NULL,NULL,NULL,NULL,'U10000049','U10000000','2018-11-07 17:32:54',NULL),
('A1034','门集宝老师','0','2','1','075520180848','广州番禺小学小学班主任','44','440100000000','440103000000','广东省广州市荔湾区',NULL,'440586199005061253','门集宝','2180340952681699601','门集宝',NULL,NULL,NULL,NULL,NULL,NULL,'U10000050','U10000000','2018-11-07 17:32:54',NULL),
('A1035','田摇笋老师','0','2','1','075560102779','广州番禺小学小学班主任','44','440100000000','440103000000','广东省广州市荔湾区',NULL,'440586199005061253','田摇笋','778593372952132959','田摇笋',NULL,NULL,NULL,NULL,NULL,NULL,'U10000051','U10000000','2018-11-07 17:32:54',NULL),
('A1036','寇富老师','0','2','1','075569600255','广州番禺小学小学班主任','44','440100000000','440103000000','广东省广州市荔湾区',NULL,'440586199005061253','寇富','1706093891986750360','寇富',NULL,NULL,NULL,NULL,NULL,NULL,'U10000052','U10000000','2018-11-07 17:32:54',NULL),
('A1037','段泽老师','0','2','1','075512497754','广州番禺小学小学班主任','44','440100000000','440103000000','广东省广州市荔湾区',NULL,'440586199005061253','段泽','7311518395615788384','段泽',NULL,NULL,NULL,NULL,NULL,NULL,'U10000053','U10000000','2018-11-07 17:32:54',NULL),
('A1038','孟牒老师','0','2','1','075503486481','广州番禺小学小学班主任','44','440100000000','440103000000','广东省广州市荔湾区',NULL,'440586199005061253','孟牒','2565044885491326396','孟牒',NULL,NULL,NULL,NULL,NULL,NULL,'U10000054','U10000000','2018-11-07 17:32:54',NULL),
('A1039','谈皆绩老师','0','2','1','075534566076','广州番禺小学小学班主任','44','440100000000','440103000000','广东省广州市荔湾区',NULL,'440586199005061253','谈皆绩','905705901499069212','谈皆绩',NULL,NULL,NULL,NULL,NULL,NULL,'U10000055','U10000000','2018-11-07 17:32:54',NULL),
('A1040','蒲过老师','0','2','1','075510562635','广州番禺小学小学班主任','44','440100000000','440103000000','广东省广州市荔湾区',NULL,'440586199005061253','蒲过','4271697079597704824','蒲过',NULL,NULL,NULL,NULL,NULL,NULL,'U10000056','U10000000','2018-11-07 17:32:54',NULL),
('A1041','蔚仙欣老师','0','2','1','075511552970','广州番禺小学小学班主任','44','440100000000','440103000000','广东省广州市荔湾区',NULL,'440586199005061253','蔚仙欣','175503414634735077','蔚仙欣',NULL,NULL,NULL,NULL,NULL,NULL,'U10000057','U10000000','2018-11-07 17:32:54',NULL),
('A1042','龚拜老师','0','2','1','075574854954','广州番禺小学小学班主任','44','440100000000','440103000000','广东省广州市荔湾区',NULL,'440586199005061253','龚拜','081142894853492882','龚拜',NULL,NULL,NULL,NULL,NULL,NULL,'U10000058','U10000000','2018-11-07 17:32:54',NULL),
('A1043','东桐左老师','0','2','1','075514175853','广州番禺小学小学班主任','44','440100000000','440103000000','广东省广州市荔湾区',NULL,'440586199005061253','东桐左','648911565418030456','东桐左',NULL,NULL,NULL,NULL,NULL,NULL,'U10000059','U10000000','2018-11-07 17:32:54',NULL),
('A1044','邬宇垂老师','0','2','1','075547782560','广州番禺小学小学班主任','44','440100000000','440103000000','广东省广州市荔湾区',NULL,'440586199005061253','邬宇垂','6170292406352439622','邬宇垂',NULL,NULL,NULL,NULL,NULL,NULL,'U10000060','U10000000','2018-11-07 17:32:54',NULL),
('A1045','宰诗廉老师','0','2','1','075557221277','广州番禺小学小学班主任','44','440100000000','440103000000','广东省广州市荔湾区',NULL,'440586199005061253','宰诗廉','5922619077591762934','宰诗廉',NULL,NULL,NULL,NULL,NULL,NULL,'U10000061','U10000000','2018-11-07 17:32:54',NULL),
('A1046','冷释戚老师','0','2','1','075528860352','广州番禺小学小学班主任','44','440100000000','440103000000','广东省广州市荔湾区',NULL,'440586199005061253','冷释戚','984311699691908382','冷释戚',NULL,NULL,NULL,NULL,NULL,NULL,'U10000062','U10000000','2018-11-07 17:32:54',NULL),
('A1047','仉捕老师','0','2','1','075534854677','广州番禺小学小学班主任','44','440100000000','440103000000','广东省广州市荔湾区',NULL,'440586199005061253','仉捕','1265296552277145170','仉捕',NULL,NULL,NULL,NULL,NULL,NULL,'U10000063','U10000000','2018-11-07 17:32:54',NULL),
('A1048','汝带老师','0','2','1','075529711799','广州番禺小学小学班主任','44','440100000000','440103000000','广东省广州市荔湾区',NULL,'440586199005061253','汝带','7565296071474029768','汝带',NULL,NULL,NULL,NULL,NULL,NULL,'U10000064','U10000000','2018-11-07 17:32:54',NULL),
('A1049','方光骡老师','0','2','1','075563827329','广州番禺小学小学班主任','44','440100000000','440103000000','广东省广州市荔湾区',NULL,'440586199005061253','方光骡','2104740837368424715','方光骡',NULL,NULL,NULL,NULL,NULL,NULL,'U10000065','U10000000','2018-11-07 17:32:54',NULL),
('A1050','巫轩老师','0','2','1','075576652673','广州番禺小学小学班主任','44','440100000000','440103000000','广东省广州市荔湾区',NULL,'440586199005061253','巫轩','044440249234587860','巫轩',NULL,NULL,NULL,NULL,NULL,NULL,'U10000066','U10000000','2018-11-07 17:32:54',NULL),
('A1051','司圆纸老师','0','2','1','075590244146','广州番禺小学小学班主任','44','440100000000','440103000000','广东省广州市荔湾区',NULL,'440586199005061253','司圆纸','619481028759453934','司圆纸',NULL,NULL,NULL,NULL,NULL,NULL,'U10000067','U10000000','2018-11-07 17:32:55',NULL),
('A1052','班浩遥老师','0','2','1','075550459962','广州番禺小学小学班主任','44','440100000000','440103000000','广东省广州市荔湾区',NULL,'440586199005061253','班浩遥','656489137375475387','班浩遥',NULL,NULL,NULL,NULL,NULL,NULL,'U10000068','U10000000','2018-11-07 17:32:55',NULL),
('A1053','戴徘老师','0','2','1','075507050454','广州番禺小学小学班主任','44','440100000000','440103000000','广东省广州市荔湾区',NULL,'440586199005061253','戴徘','5036609640781537008','戴徘',NULL,NULL,NULL,NULL,NULL,NULL,'U10000069','U10000000','2018-11-07 17:32:55',NULL),
('A1054','邰羊退老师','0','2','1','075561155611','广州番禺小学小学班主任','44','440100000000','440103000000','广东省广州市荔湾区',NULL,'440586199005061253','邰羊退','026312152716161857','邰羊退',NULL,NULL,NULL,NULL,NULL,NULL,'U10000070','U10000000','2018-11-07 17:32:55',NULL),
('A1055','通背老师','0','2','1','075506339703','广州番禺小学小学班主任','44','440100000000','440103000000','广东省广州市荔湾区',NULL,'440586199005061253','通背','7271819536269542397','通背',NULL,NULL,NULL,NULL,NULL,NULL,'U10000071','U10000000','2018-11-07 17:32:55',NULL),
('A1056','骆弁斡老师','0','2','1','075575090480','广州番禺小学小学班主任','44','440100000000','440103000000','广东省广州市荔湾区',NULL,'440586199005061253','骆弁斡','0263427463609818605','骆弁斡',NULL,NULL,NULL,NULL,NULL,NULL,'U10000072','U10000000','2018-11-07 17:32:55',NULL),
('A1057','司量碣老师','0','2','1','075569111379','广州番禺小学小学班主任','44','440100000000','440103000000','广东省广州市荔湾区',NULL,'440586199005061253','司量碣','7833365774015825825','司量碣',NULL,NULL,NULL,NULL,NULL,NULL,'U10000073','U10000000','2018-11-07 17:32:55',NULL),
('A1058','阎凋矩老师','0','2','1','075532024977','广州番禺小学小学班主任','44','440100000000','440103000000','广东省广州市荔湾区',NULL,'440586199005061253','阎凋矩','3639198787151698288','阎凋矩',NULL,NULL,NULL,NULL,NULL,NULL,'U10000074','U10000000','2018-11-07 17:32:55',NULL),
('A1059','巫己侍老师','0','2','1','075540273932','广州番禺小学小学班主任','44','440100000000','440103000000','广东省广州市荔湾区',NULL,'440586199005061253','巫己侍','466040223110311189','巫己侍',NULL,NULL,NULL,NULL,NULL,NULL,'U10000075','U10000000','2018-11-07 17:32:55',NULL),
('A1060','丁杳老师','0','2','1','075549407614','广州番禺小学小学班主任','44','440100000000','440103000000','广东省广州市荔湾区',NULL,'440586199005061253','丁杳','1255574360703892628','丁杳',NULL,NULL,NULL,NULL,NULL,NULL,'U10000076','U10000000','2018-11-07 17:32:55',NULL),
('A1061','鲁暑老师','0','2','1','075522977633','广州番禺小学小学班主任','44','440100000000','440103000000','广东省广州市荔湾区',NULL,'440586199005061253','鲁暑','2844870820832503577','鲁暑',NULL,NULL,NULL,NULL,NULL,NULL,'U10000077','U10000000','2018-11-07 17:32:55',NULL),
('A1062','木余誉老师','0','2','1','075501683856','广州番禺小学小学班主任','44','440100000000','440103000000','广东省广州市荔湾区',NULL,'440586199005061253','木余誉','684515179593609536','木余誉',NULL,NULL,NULL,NULL,NULL,NULL,'U10000078','U10000000','2018-11-07 17:32:55',NULL),
('A1063','居墨老师','0','2','1','075555263206','广州番禺小学小学班主任','44','440100000000','440103000000','广东省广州市荔湾区',NULL,'440586199005061253','居墨','548564242961801060','居墨',NULL,NULL,NULL,NULL,NULL,NULL,'U10000079','U10000000','2018-11-07 17:32:55',NULL),
('A1064','那力刻老师','0','2','1','075582947418','广州番禺小学小学班主任','44','440100000000','440103000000','广东省广州市荔湾区',NULL,'440586199005061253','那力刻','226045504515881744','那力刻',NULL,NULL,NULL,NULL,NULL,NULL,'U10000080','U10000000','2018-11-07 17:32:55',NULL),
('A1065','拓奉阶老师','0','2','1','075553304095','广州番禺小学小学班主任','44','440100000000','440103000000','广东省广州市荔湾区',NULL,'440586199005061253','拓奉阶','302114618922811458','拓奉阶',NULL,NULL,NULL,NULL,NULL,NULL,'U10000081','U10000000','2018-11-07 17:32:55',NULL),
('A1066','柴场老师','0','2','1','075505530162','广州番禺小学小学班主任','44','440100000000','440103000000','广东省广州市荔湾区',NULL,'440586199005061253','柴场','198641240126568594','柴场',NULL,NULL,NULL,NULL,NULL,NULL,'U10000082','U10000000','2018-11-07 17:32:55',NULL),
('A1067','费几嵇老师','0','2','1','075512538768','广州番禺小学小学班主任','44','440100000000','440103000000','广东省广州市荔湾区',NULL,'440586199005061253','费几嵇','510660953503585257','费几嵇',NULL,NULL,NULL,NULL,NULL,NULL,'U10000083','U10000000','2018-11-07 17:32:55',NULL),
('A1068','浦甲老师','0','2','1','075500052796','广州番禺小学小学班主任','44','440100000000','440103000000','广东省广州市荔湾区',NULL,'440586199005061253','浦甲','4260499512720826365','浦甲',NULL,NULL,NULL,NULL,NULL,NULL,'U10000084','U10000000','2018-11-07 17:32:55',NULL),
('A1069','海昃盖老师','0','2','1','075577856052','广州番禺小学小学班主任','44','440100000000','440103000000','广东省广州市荔湾区',NULL,'440586199005061253','海昃盖','451338257980416210','海昃盖',NULL,NULL,NULL,NULL,NULL,NULL,'U10000085','U10000000','2018-11-07 17:32:56',NULL),
('A1070','宓并老师','0','2','1','075574283306','广州番禺小学小学班主任','44','440100000000','440103000000','广东省广州市荔湾区',NULL,'440586199005061253','宓并','258807646562262402','宓并',NULL,NULL,NULL,NULL,NULL,NULL,'U10000086','U10000000','2018-11-07 17:32:56',NULL),
('A1071','左禽老师','0','2','1','075595911061','广州番禺小学小学班主任','44','440100000000','440103000000','广东省广州市荔湾区',NULL,'440586199005061253','左禽','1625677950984929912','左禽',NULL,NULL,NULL,NULL,NULL,NULL,'U10000087','U10000000','2018-11-07 17:32:56',NULL),
('A1072','晏散子老师','0','2','1','075513158459','广州番禺小学小学班主任','44','440100000000','440103000000','广东省广州市荔湾区',NULL,'440586199005061253','晏散子','0880288511495855775','晏散子',NULL,NULL,NULL,NULL,NULL,NULL,'U10000088','U10000000','2018-11-07 17:32:56',NULL),
('A1073','梁笑文老师','0','2','1','075550555243','广州番禺小学小学班主任','44','440100000000','440103000000','广东省广州市荔湾区',NULL,'440586199005061253','梁笑文','474588288599652863','梁笑文',NULL,NULL,NULL,NULL,NULL,NULL,'U10000089','U10000000','2018-11-07 17:32:56',NULL),
('A1074','裴沙老师','0','2','1','075506513307','广州番禺小学小学班主任','44','440100000000','440103000000','广东省广州市荔湾区',NULL,'440586199005061253','裴沙','9283922912705677529','裴沙',NULL,NULL,NULL,NULL,NULL,NULL,'U10000090','U10000000','2018-11-07 17:32:56',NULL),
('A1075','柯仪途老师','0','2','1','075525855190','广州番禺小学小学班主任','44','440100000000','440103000000','广东省广州市荔湾区',NULL,'440586199005061253','柯仪途','7061921157144843399','柯仪途',NULL,NULL,NULL,NULL,NULL,NULL,'U10000091','U10000000','2018-11-07 17:32:56',NULL),
('A1076','文日礼老师','0','2','1','075530715693','广州番禺小学小学班主任','44','440100000000','440103000000','广东省广州市荔湾区',NULL,'440586199005061253','文日礼','4012601267727330789','文日礼',NULL,NULL,NULL,NULL,NULL,NULL,'U10000092','U10000000','2018-11-07 17:32:56',NULL),
('A1077','于羊老师','0','2','1','075541834517','广州番禺小学小学班主任','44','440100000000','440103000000','广东省广州市荔湾区',NULL,'440586199005061253','于羊','425290893322615642','于羊',NULL,NULL,NULL,NULL,NULL,NULL,'U10000093','U10000000','2018-11-07 17:32:56',NULL),
('A1078','涂洁老师','0','2','1','075570092244','广州番禺小学小学班主任','44','440100000000','440103000000','广东省广州市荔湾区',NULL,'440586199005061253','涂洁','794146668347486603','涂洁',NULL,NULL,NULL,NULL,NULL,NULL,'U10000094','U10000000','2018-11-07 17:32:56',NULL),
('A1079','邬步修老师','0','2','1','075532491696','广州番禺小学小学班主任','44','440100000000','440103000000','广东省广州市荔湾区',NULL,'440586199005061253','邬步修','686727336007233096','邬步修',NULL,NULL,NULL,NULL,NULL,NULL,'U10000095','U10000000','2018-11-07 17:32:56',NULL),
('A1080','袁赖老师','0','2','1','075590531865','广州番禺小学小学班主任','44','440100000000','440103000000','广东省广州市荔湾区',NULL,'440586199005061253','袁赖','231918984716395738','袁赖',NULL,NULL,NULL,NULL,NULL,NULL,'U10000096','U10000000','2018-11-07 17:32:56',NULL),
('A1081','卞沛陋老师','0','2','1','075500824539','广州番禺小学小学班主任','44','440100000000','440103000000','广东省广州市荔湾区',NULL,'440586199005061253','卞沛陋','5815983846565301731','卞沛陋',NULL,NULL,NULL,NULL,NULL,NULL,'U10000097','U10000000','2018-11-07 17:32:56',NULL),
('A1082','车洛少老师','0','2','1','075514208641','广州番禺小学小学班主任','44','440100000000','440103000000','广东省广州市荔湾区',NULL,'440586199005061253','车洛少','100801551034863870','车洛少',NULL,NULL,NULL,NULL,NULL,NULL,'U10000098','U10000000','2018-11-07 17:32:56',NULL),
('A1083','王尝活老师','0','2','1','075556663816','广州番禺小学小学班主任','44','440100000000','440103000000','广东省广州市荔湾区',NULL,'440586199005061253','王尝活','116553395739642028','王尝活',NULL,NULL,NULL,NULL,NULL,NULL,'U10000099','U10000000','2018-11-07 17:32:56',NULL),
('A1084','唐咏恐老师','0','2','1','075528510296','广州番禺小学小学班主任','44','440100000000','440103000000','广东省广州市荔湾区',NULL,'440586199005061253','唐咏恐','9263965224568158235','唐咏恐',NULL,NULL,NULL,NULL,NULL,NULL,'U10000100','U10000000','2018-11-07 17:32:56',NULL),
('A1085','于耻老师','0','2','1','075509143575','广州番禺小学小学班主任','44','440100000000','440103000000','广东省广州市荔湾区',NULL,'440586199005061253','于耻','589148910758981814','于耻',NULL,NULL,NULL,NULL,NULL,NULL,'U10000101','U10000000','2018-11-07 17:32:56',NULL),
('A1086','萧陋军老师','0','2','1','075513361499','广州番禺小学小学班主任','44','440100000000','440103000000','广东省广州市荔湾区',NULL,'440586199005061253','萧陋军','5837699873826013755','萧陋军',NULL,NULL,NULL,NULL,NULL,NULL,'U10000102','U10000000','2018-11-07 17:32:56',NULL),
('A1087','经端老师','0','2','1','075515352822','广州番禺小学小学班主任','44','440100000000','440103000000','广东省广州市荔湾区',NULL,'440586199005061253','经端','7772530681746868852','经端',NULL,NULL,NULL,NULL,NULL,NULL,'U10000103','U10000000','2018-11-07 17:32:57',NULL),
('A1088','佟昆老师','0','2','1','075505668346','广州番禺小学小学班主任','44','440100000000','440103000000','广东省广州市荔湾区',NULL,'440586199005061253','佟昆','093522888098638484','佟昆',NULL,NULL,NULL,NULL,NULL,NULL,'U10000104','U10000000','2018-11-07 17:32:57',NULL),
('A1089','蒙税老师','0','2','1','075571456878','广州番禺小学小学班主任','44','440100000000','440103000000','广东省广州市荔湾区',NULL,'440586199005061253','蒙税','7361890350346187790','蒙税',NULL,NULL,NULL,NULL,NULL,NULL,'U10000105','U10000000','2018-11-07 17:32:57',NULL),
('A1090','路赤老师','0','2','1','075593136569','广州番禺小学小学班主任','44','440100000000','440103000000','广东省广州市荔湾区',NULL,'440586199005061253','路赤','6267566575344164058','路赤',NULL,NULL,NULL,NULL,NULL,NULL,'U10000106','U10000000','2018-11-07 17:32:57',NULL),
('A1091','堵弊巧老师','0','2','1','075516895025','广州番禺小学小学班主任','44','440100000000','440103000000','广东省广州市荔湾区',NULL,'440586199005061253','堵弊巧','795991521930601395','堵弊巧',NULL,NULL,NULL,NULL,NULL,NULL,'U10000107','U10000000','2018-11-07 17:32:57',NULL),
('A1092','海次老师','0','2','1','075580374184','广州番禺小学小学班主任','44','440100000000','440103000000','广东省广州市荔湾区',NULL,'440586199005061253','海次','3935126146777207335','海次',NULL,NULL,NULL,NULL,NULL,NULL,'U10000108','U10000000','2018-11-07 17:32:57',NULL),
('A1093','鱼切老师','0','2','1','075526630797','广州番禺小学小学班主任','44','440100000000','440103000000','广东省广州市荔湾区',NULL,'440586199005061253','鱼切','2461129319020308423','鱼切',NULL,NULL,NULL,NULL,NULL,NULL,'U10000109','U10000000','2018-11-07 17:32:57',NULL),
('A1094','冉玩老师','0','2','1','075561866564','广州番禺小学小学班主任','44','440100000000','440103000000','广东省广州市荔湾区',NULL,'440586199005061253','冉玩','3407164330773178211','冉玩',NULL,NULL,NULL,NULL,NULL,NULL,'U10000110','U10000000','2018-11-07 17:32:57',NULL),
('A1095','俟何老师','0','2','1','075572797021','广州番禺小学小学班主任','44','440100000000','440103000000','广东省广州市荔湾区',NULL,'440586199005061253','俟何','3767945996455610313','俟何',NULL,NULL,NULL,NULL,NULL,NULL,'U10000111','U10000000','2018-11-07 17:32:57',NULL),
('A1096','简杰聚老师','0','2','1','075527223178','广州番禺小学小学班主任','44','440100000000','440103000000','广东省广州市荔湾区',NULL,'440586199005061253','简杰聚','476753946493306238','简杰聚',NULL,NULL,NULL,NULL,NULL,NULL,'U10000112','U10000000','2018-11-07 17:32:57',NULL),
('A1097','贡旁泰老师','0','2','1','075504189604','广州番禺小学小学班主任','44','440100000000','440103000000','广东省广州市荔湾区',NULL,'440586199005061253','贡旁泰','841138903614948830','贡旁泰',NULL,NULL,NULL,NULL,NULL,NULL,'U10000113','U10000000','2018-11-07 17:32:57',NULL),
('A1098','籍竟老师','0','2','1','075502071635','广州番禺小学小学班主任','44','440100000000','440103000000','广东省广州市荔湾区',NULL,'440586199005061253','籍竟','826001688563486600','籍竟',NULL,NULL,NULL,NULL,NULL,NULL,'U10000114','U10000000','2018-11-07 17:32:57',NULL),
('A1099','魏答老师','0','2','1','075558798231','广州番禺小学小学班主任','44','440100000000','440103000000','广东省广州市荔湾区',NULL,'440586199005061253','魏答','840946065675778763','魏答',NULL,NULL,NULL,NULL,NULL,NULL,'U10000115','U10000000','2018-11-07 17:32:57',NULL),
('A1100','满要薪老师','0','2','1','075580745511','广州番禺小学小学班主任','44','440100000000','440103000000','广东省广州市荔湾区',NULL,'440586199005061253','满要薪','243533073057429676','满要薪',NULL,NULL,NULL,NULL,NULL,NULL,'U10000116','U10000000','2018-11-07 17:32:57',NULL);

INSERT  INTO `sys_user`(`user_id`,`login_name`,`name`,`password`,`mobilephone`,`email`,`post_type`,`org_id`,`user_type`,`status`,`create_time`,`update_time`) VALUES
('U10000024','王君如',NULL,'*0B4DA3023F2CC6207CA5528A0ED64A1DAD7711F7','13596562541','13596562541@163.com','1','agent','1','1','2018-11-07 17:12:35',NULL),

('U10000026','左籍',NULL,'*ECE8EB5650BF3F2F41252C7C5C3F74F6B99C2CC1','17508319061','17508319061@163.com','1','agent','1','1','2018-11-07 17:31:41',NULL),

('U10000027','支侍妇',NULL,'*23689836BF36542341FB0E37D6170982540415AB','19373334384','19373334384@163.com','1','agent','1','1','2018-11-07 17:31:42',NULL),

('U10000028','岳说',NULL,'*1CF2E60CF5D836BEDF0AEF0C01106477D98A62E1','19191741806','19191741806@163.com','1','agent','1','1','2018-11-07 17:31:42',NULL),

('U10000029','羊士慕',NULL,'*4E6F0544B2C2562B61CA611F86A61B4C4F542678','15398960099','15398960099@163.com','1','agent','1','1','2018-11-07 17:31:42',NULL),

('U10000030','有写',NULL,'*B653141412793DA8F33D4E2D734D70C3E59EB98A','10447819063','10447819063@163.com','1','agent','1','1','2018-11-07 17:31:42',NULL),

('U10000031','冶顾',NULL,'*D2063E2C6302244A02AD5B607F00B76E5B5E4494','18801707533','18801707533@163.com','1','agent','1','1','2018-11-07 17:31:42',NULL),

('U10000032','陈腾位',NULL,'*A986D90FD22C4112A5401BFD6ACBDE1D4CF82198','16852338646','16852338646@163.com','1','agent','1','1','2018-11-07 17:31:42',NULL),

('U10000033','屈直陋',NULL,'*0C502952B130F31EF6A4C08CD3C22FE749025A7E','16225407657','16225407657@163.com','1','agent','1','1','2018-11-07 17:32:52',NULL),

('U10000034','郈怡',NULL,'*8A40CDA8D148A127A818A204AA3859DDA819F870','18752106961','18752106961@163.com','1','agent','1','1','2018-11-07 17:32:52',NULL),

('U10000035','弘洁息',NULL,'*1BE5CACED6EF17523D0EF5BA37E6F169BBADB710','16942157285','16942157285@163.com','1','agent','1','1','2018-11-07 17:32:52',NULL),

('U10000036','晋交',NULL,'*54FF4495442BD370A977F02E0B05F64078B5D37E','19303850976','19303850976@163.com','1','agent','1','1','2018-11-07 17:32:52',NULL),

('U10000037','漆绩凉',NULL,'*0D055BEECCC8765B59E59CA03E65EA05ACC3E6FE','19871559232','19871559232@163.com','1','agent','1','1','2018-11-07 17:32:53',NULL),

('U10000038','阙首盈',NULL,'*DD26C7A9BB6AE5BABC8BCFD4194D4E9796123453','18136760738','18136760738@163.com','1','agent','1','1','2018-11-07 17:32:53',NULL),

('U10000039','屈洪',NULL,'*B56342428B958DF390B86CCCC827F7BD6034C140','18854439719','18854439719@163.com','1','agent','1','1','2018-11-07 17:32:53',NULL),

('U10000040','蔡田罔',NULL,'*C9B60AB39570C996AE2872E6D04D4A1EB84BDE08','19622427978','19622427978@163.com','1','agent','1','1','2018-11-07 17:32:53',NULL),

('U10000041','裴恭期',NULL,'*B2185D5E717F0B5604A30E81AE14D155024FA6B4','13190787605','13190787605@163.com','1','agent','1','1','2018-11-07 17:32:53',NULL),

('U10000042','舒皇',NULL,'*07DBBA2E5B78234A595A5633DC8DF82B8735BB5F','11208933076','11208933076@163.com','1','agent','1','1','2018-11-07 17:32:53',NULL),

('U10000043','全敕中',NULL,'*EF8742DC31454D76C5012546912CCEA6A3A63B09','16667857126','16667857126@163.com','1','agent','1','1','2018-11-07 17:32:53',NULL),

('U10000044','廉而',NULL,'*BFFB258CFEC4E591BEAE083644073C2D823C444A','15307316474','15307316474@163.com','1','agent','1','1','2018-11-07 17:32:53',NULL),

('U10000045','徐引俊',NULL,'*BD52AD08C16C129656E1DF1B4496609A02F34AFE','10771730639','10771730639@163.com','1','agent','1','1','2018-11-07 17:32:53',NULL),

('U10000046','童百',NULL,'*BCDF3A7EB90C6312189F5DC47E6B70A6C6501E75','15081351495','15081351495@163.com','1','agent','1','1','2018-11-07 17:32:54',NULL),

('U10000047','蔡尹书',NULL,'*66A49077AAE51DEB2198BB3FC0A9BA709915EF87','10174122472','10174122472@163.com','1','agent','1','1','2018-11-07 17:32:54',NULL),

('U10000048','康侠等',NULL,'*0EA07F421E27E1AB3CA5FB3FF891A11A79B1708C','11323393177','11323393177@163.com','1','agent','1','1','2018-11-07 17:32:54',NULL),

('U10000049','缪碑',NULL,'*F15F66827CE35BAC705EBE070D5CE16BC600BCBF','19604530616','19604530616@163.com','1','agent','1','1','2018-11-07 17:32:54',NULL),

('U10000050','门集宝',NULL,'*365D5ADFB8F3D1567A677F5EB673A433C880C7C9','15113613252','15113613252@163.com','1','agent','1','1','2018-11-07 17:32:54',NULL),

('U10000051','田摇笋',NULL,'*E7394F514D60AE6AAD36668D466E442C2D4164FC','12129599869','12129599869@163.com','1','agent','1','1','2018-11-07 17:32:54',NULL),

('U10000052','寇富',NULL,'*36657F5128525BB7B60A1A76FF564432C4AE2C13','11599604864','11599604864@163.com','1','agent','1','1','2018-11-07 17:32:54',NULL),

('U10000053','段泽',NULL,'*D2548499A4947146FC56F5CC3CD7F2A5ADE395B6','16868481963','16868481963@163.com','1','agent','1','1','2018-11-07 17:32:54',NULL),

('U10000054','孟牒',NULL,'*DC49CCA1F97BA88C07A61740338859F850A8E8C1','19648737628','19648737628@163.com','1','agent','1','1','2018-11-07 17:32:54',NULL),

('U10000055','谈皆绩',NULL,'*A235F9527577E0C69A81C576B9EE2E76D3B71D70','17867990612','17867990612@163.com','1','agent','1','1','2018-11-07 17:32:54',NULL),

('U10000056','蒲过',NULL,'*9C602BB221C3B38477D704BF5042DFD856B4EB8F','15223570939','15223570939@163.com','1','agent','1','1','2018-11-07 17:32:54',NULL),

('U10000057','蔚仙欣',NULL,'*8512D50A053F6AE3DBEC2FFBBB168B6015D0073E','15094151112','15094151112@163.com','1','agent','1','1','2018-11-07 17:32:54',NULL),

('U10000058','龚拜',NULL,'*80CD14E093104EAA0B0ED24118C997D17E7D6279','19575284194','19575284194@163.com','1','agent','1','1','2018-11-07 17:32:54',NULL),

('U10000059','东桐左',NULL,'*914BCCFD603AF1EFE9BD9CD55DC4AD6E2DF0B0B5','10411734221','10411734221@163.com','1','agent','1','1','2018-11-07 17:32:54',NULL),

('U10000060','邬宇垂',NULL,'*6CFEAF140D218A2144D28929A54589CDD9D0F8B2','14298817791','14298817791@163.com','1','agent','1','1','2018-11-07 17:32:54',NULL),

('U10000061','宰诗廉',NULL,'*8BF762E8AB35D2109ADF5049EBA29F6229EBC666','13628111073','13628111073@163.com','1','agent','1','1','2018-11-07 17:32:54',NULL),

('U10000062','冷释戚',NULL,'*1E126CEADC1B07BC855F3E56DE88A1C730B29BE3','13814574853','13814574853@163.com','1','agent','1','1','2018-11-07 17:32:54',NULL),

('U10000063','仉捕',NULL,'*E93977DA5EB6087E1D9D5FFFDC9700F65140B31E','10554757819','10554757819@163.com','1','agent','1','1','2018-11-07 17:32:54',NULL),

('U10000064','汝带',NULL,'*876D8EA5BB10EFDE4240AEB4CC40B2407EB7311C','14381519255','14381519255@163.com','1','agent','1','1','2018-11-07 17:32:54',NULL),

('U10000065','方光骡',NULL,'*DB4C85394CAE65019E821A82E2D7677EECC0CAC1','16420770671','16420770671@163.com','1','agent','1','1','2018-11-07 17:32:54',NULL),

('U10000066','巫轩',NULL,'*E564523A2D93FC871F198CF03EB21D278140A7B2','17548762513','17548762513@163.com','1','agent','1','1','2018-11-07 17:32:54',NULL),

('U10000067','司圆纸',NULL,'*216954BA4AFBA92DC529C2C85822F1D826E756EF','14396054662','14396054662@163.com','1','agent','1','1','2018-11-07 17:32:55',NULL),

('U10000068','班浩遥',NULL,'*2799D8DBE487BD5548581F70DD3225382BBF4274','18147687149','18147687149@163.com','1','agent','1','1','2018-11-07 17:32:55',NULL),

('U10000069','戴徘',NULL,'*147472C99F067D2D582E227FE1D7F91DC60070E4','11108996516','11108996516@163.com','1','agent','1','1','2018-11-07 17:32:55',NULL),

('U10000070','邰羊退',NULL,'*9E841E90E3213E2919AB4443C32CA344A0C33AAA','12082847891','12082847891@163.com','1','agent','1','1','2018-11-07 17:32:55',NULL),

('U10000071','通背',NULL,'*60DD7CE8DE9446FE0BAE1556A8FD03309FEFE340','10867305659','10867305659@163.com','1','agent','1','1','2018-11-07 17:32:55',NULL),

('U10000072','骆弁斡',NULL,'*4E54860390EE1AC7053DB9FF32624B02258ED26B','17619572918','17619572918@163.com','1','agent','1','1','2018-11-07 17:32:55',NULL),

('U10000073','司量碣',NULL,'*E0F365E9A8FB48C26BAE503B5C6EA3583F4AAD63','19486887095','19486887095@163.com','1','agent','1','1','2018-11-07 17:32:55',NULL),

('U10000074','阎凋矩',NULL,'*4A26A5F8C60F4778AA7E22BA153E48513C356AEF','16326259128','16326259128@163.com','1','agent','1','1','2018-11-07 17:32:55',NULL),

('U10000075','巫己侍',NULL,'*A28D66DA5871A9A5418028D78D0590B51EF1811D','10309946620','10309946620@163.com','1','agent','1','1','2018-11-07 17:32:55',NULL),

('U10000076','丁杳',NULL,'*9DAC45AB3AF6D508B50A84E1B9D745217915922C','13271423128','13271423128@163.com','1','agent','1','1','2018-11-07 17:32:55',NULL),

('U10000077','鲁暑',NULL,'*E4DFF33516805F0CF4039745B8A3BC94AB4ED383','10869149972','10869149972@163.com','1','agent','1','1','2018-11-07 17:32:55',NULL),

('U10000078','木余誉',NULL,'*3C68043FC803FA8CB4B59141235A66D8DC98B9DF','14948470631','14948470631@163.com','1','agent','1','1','2018-11-07 17:32:55',NULL),

('U10000079','居墨',NULL,'*CA34A84606970B8D3DF71F3C0DE5BE4DEF2BB2F4','15726505416','15726505416@163.com','1','agent','1','1','2018-11-07 17:32:55',NULL),

('U10000080','那力刻',NULL,'*B85612F5A61EE07FF18CE5E43BE48DFCAF91D1BF','12041544043','12041544043@163.com','1','agent','1','1','2018-11-07 17:32:55',NULL),

('U10000081','拓奉阶',NULL,'*C65BA94BAA52E33AD707C42A1E06D8B9DD4D573C','10022477625','10022477625@163.com','1','agent','1','1','2018-11-07 17:32:55',NULL),

('U10000082','柴场',NULL,'*053DC9E935651721184B37C6C55F8D525056A561','11299430213','11299430213@163.com','1','agent','1','1','2018-11-07 17:32:55',NULL),

('U10000083','费几嵇',NULL,'*922DCAEAE1769C184018ED8E3609D09EE78124A4','14187427520','14187427520@163.com','1','agent','1','1','2018-11-07 17:32:55',NULL),

('U10000084','浦甲',NULL,'*78FAD0233682F2CE8E304B432391364221D3E101','17463439311','17463439311@163.com','1','agent','1','1','2018-11-07 17:32:55',NULL),

('U10000085','海昃盖',NULL,'*5814DBC187D75511DEC2A4488D7EA824CAE90CF6','14482317576','14482317576@163.com','1','agent','1','1','2018-11-07 17:32:56',NULL),

('U10000086','宓并',NULL,'*7DE46704FC2422034CB0910709F42E1CD0CEC3F9','13965891022','13965891022@163.com','1','agent','1','1','2018-11-07 17:32:56',NULL),

('U10000087','左禽',NULL,'*D3698983EF4B8D1A42D80A97BA16B51F27792154','14103140585','14103140585@163.com','1','agent','1','1','2018-11-07 17:32:56',NULL),

('U10000088','晏散子',NULL,'*EDE3637E73A1FBFD4D22BA722649822B4C75C688','12336602544','12336602544@163.com','1','agent','1','1','2018-11-07 17:32:56',NULL),

('U10000089','梁笑文',NULL,'*C04ED2A41D4FF099C2D7B4054023087B83E91C7C','12068040486','12068040486@163.com','1','agent','1','1','2018-11-07 17:32:56',NULL),

('U10000090','裴沙',NULL,'*FCC0A09858B3274C4AA5BE94C75D5C7C9CFBE7A7','17008531510','17008531510@163.com','1','agent','1','1','2018-11-07 17:32:56',NULL),

('U10000091','柯仪途',NULL,'*2FD46EA4142E212B1D9382C51D550AD4FDBA0D16','13526511227','13526511227@163.com','1','agent','1','1','2018-11-07 17:32:56',NULL),

('U10000092','文日礼',NULL,'*C8832C2CD5B1D6C474930A4B654D299EAB4137CF','10477656435','10477656435@163.com','1','agent','1','1','2018-11-07 17:32:56',NULL),

('U10000093','于羊',NULL,'*B9791FEF9CA1BE494BC7CDB754C897FCBB466854','14626832233','14626832233@163.com','1','agent','1','1','2018-11-07 17:32:56',NULL),

('U10000094','涂洁',NULL,'*04ADDF08D26322869A7CEA429B9C7903CAA1C19D','16621430547','16621430547@163.com','1','agent','1','1','2018-11-07 17:32:56',NULL),

('U10000095','邬步修',NULL,'*A1438D17D358352151E54D2E5BE487775EDC5637','18017861544','18017861544@163.com','1','agent','1','1','2018-11-07 17:32:56',NULL),

('U10000096','袁赖',NULL,'*4BE80F33A9E432233532237323CF95E2CCA99C14','13034111085','13034111085@163.com','1','agent','1','1','2018-11-07 17:32:56',NULL),

('U10000097','卞沛陋',NULL,'*ADB07FC70DF028C46FB46E61BCA052364090D0FC','18357315301','18357315301@163.com','1','agent','1','1','2018-11-07 17:32:56',NULL),

('U10000098','车洛少',NULL,'*949D7B73A0BB07EEB5F112F3C2A6960E1282D5DE','17408495472','17408495472@163.com','1','agent','1','1','2018-11-07 17:32:56',NULL),

('U10000099','王尝活',NULL,'*D0D13E47106B3CA1F294B341A13DB9C8E0BA54AE','18852122891','18852122891@163.com','1','agent','1','1','2018-11-07 17:32:56',NULL),

('U10000100','唐咏恐',NULL,'*AD5EDCCF6926E6A1D5DC6700510EFD89F4AF8F62','10370506064','10370506064@163.com','1','agent','1','1','2018-11-07 17:32:56',NULL),

('U10000101','于耻',NULL,'*904D2F9FF347E3B33B27C6484D25289CA7685AA8','13451512372','13451512372@163.com','1','agent','1','1','2018-11-07 17:32:56',NULL),

('U10000102','萧陋军',NULL,'*48EF7DCD28B83A8BC21BEC85E6555474BB17511F','11020422427','11020422427@163.com','1','agent','1','1','2018-11-07 17:32:56',NULL),

('U10000103','经端',NULL,'*54BFC46E4B6ABA1122CEE8B2F9202CE1698B47E0','14999327758','14999327758@163.com','1','agent','1','1','2018-11-07 17:32:57',NULL),

('U10000104','佟昆',NULL,'*A2DAEFFED50F43845F5A1D8D32E60333D5114AAA','10349099347','10349099347@163.com','1','agent','1','1','2018-11-07 17:32:57',NULL),

('U10000105','蒙税',NULL,'*0BFC94314D7FF0FA06733B4BEF8180146146F93A','18961182923','18961182923@163.com','1','agent','1','1','2018-11-07 17:32:57',NULL),

('U10000106','路赤',NULL,'*DF833497EB38B3D74C633B95A3A6B4994E22F310','18897343270','18897343270@163.com','1','agent','1','1','2018-11-07 17:32:57',NULL),

('U10000107','堵弊巧',NULL,'*E0122FC837F301E8412DEEAAA86879C9AD9A271D','13673424178','13673424178@163.com','1','agent','1','1','2018-11-07 17:32:57',NULL),

('U10000108','海次',NULL,'*AEE290353063F17338D2EC82EEF53908F42E3A95','11219439616','11219439616@163.com','1','agent','1','1','2018-11-07 17:32:57',NULL),

('U10000109','鱼切',NULL,'*710486B40DA516BB6BBB85F20CA3E14FFA4A4D5A','19250091005','19250091005@163.com','1','agent','1','1','2018-11-07 17:32:57',NULL),

('U10000110','冉玩',NULL,'*83B31AB642CA37FA4CFC39B8277CD2DCD03B2A43','14746236235','14746236235@163.com','1','agent','1','1','2018-11-07 17:32:57',NULL),

('U10000111','俟何',NULL,'*4BC956430CE5C4BB756190F2AA75A8195ED54262','15343053575','15343053575@163.com','1','agent','1','1','2018-11-07 17:32:57',NULL),

('U10000112','简杰聚',NULL,'*641CCABD4C9BE96BCC75E11CB46126DD39F76F30','16112199884','16112199884@163.com','1','agent','1','1','2018-11-07 17:32:57',NULL),

('U10000113','贡旁泰',NULL,'*38038A50904727EC024C0951BCE27C7CB1AC0B33','12680997901','12680997901@163.com','1','agent','1','1','2018-11-07 17:32:57',NULL),

('U10000114','籍竟',NULL,'*0914FC2B164705ADE474C612566DCA280A0DDCFA','13058311594','13058311594@163.com','1','agent','1','1','2018-11-07 17:32:57',NULL),

('U10000115','魏答',NULL,'*876DFE41B6DA851E84D435C45D39FBA83ECF67B3','10930800584','10930800584@163.com','1','agent','1','1','2018-11-07 17:32:57',NULL),

('U10000116','满要薪',NULL,'*59D92B90990373730DE6981121A343EC7AC81249','13874126442','13874126442@163.com','1','agent','1','1','2018-11-07 17:32:57',NULL);


INSERT  INTO `sys_user_role`(`user_id`,`role_id`,`create_time`) VALUES


('U10000024','R10000002','2018-11-07 17:12:35'),

('U10000025','R10000002','2018-11-07 17:31:41'),

('U10000026','R10000002','2018-11-07 17:31:41'),

('U10000027','R10000002','2018-11-07 17:31:42'),

('U10000028','R10000002','2018-11-07 17:31:42'),

('U10000029','R10000002','2018-11-07 17:31:42'),

('U10000030','R10000002','2018-11-07 17:31:42'),

('U10000031','R10000002','2018-11-07 17:31:42'),

('U10000032','R10000002','2018-11-07 17:31:42'),

('U10000033','R10000002','2018-11-07 17:32:52'),

('U10000034','R10000002','2018-11-07 17:32:52'),

('U10000035','R10000002','2018-11-07 17:32:52'),

('U10000036','R10000002','2018-11-07 17:32:52'),

('U10000037','R10000002','2018-11-07 17:32:53'),

('U10000038','R10000002','2018-11-07 17:32:53'),

('U10000039','R10000002','2018-11-07 17:32:53'),

('U10000040','R10000002','2018-11-07 17:32:53'),

('U10000041','R10000002','2018-11-07 17:32:53'),

('U10000042','R10000002','2018-11-07 17:32:53'),

('U10000043','R10000002','2018-11-07 17:32:53'),

('U10000044','R10000002','2018-11-07 17:32:53'),

('U10000045','R10000002','2018-11-07 17:32:53'),

('U10000046','R10000002','2018-11-07 17:32:54'),

('U10000047','R10000002','2018-11-07 17:32:54'),

('U10000048','R10000002','2018-11-07 17:32:54'),

('U10000049','R10000002','2018-11-07 17:32:54'),

('U10000050','R10000002','2018-11-07 17:32:54'),

('U10000051','R10000002','2018-11-07 17:32:54'),

('U10000052','R10000002','2018-11-07 17:32:54'),

('U10000053','R10000002','2018-11-07 17:32:54'),

('U10000054','R10000002','2018-11-07 17:32:54'),

('U10000055','R10000002','2018-11-07 17:32:54'),

('U10000056','R10000002','2018-11-07 17:32:54'),

('U10000057','R10000002','2018-11-07 17:32:54'),

('U10000058','R10000002','2018-11-07 17:32:54'),

('U10000059','R10000002','2018-11-07 17:32:54'),

('U10000060','R10000002','2018-11-07 17:32:54'),

('U10000061','R10000002','2018-11-07 17:32:54'),

('U10000062','R10000002','2018-11-07 17:32:54'),

('U10000063','R10000002','2018-11-07 17:32:54'),

('U10000064','R10000002','2018-11-07 17:32:54'),

('U10000065','R10000002','2018-11-07 17:32:54'),

('U10000066','R10000002','2018-11-07 17:32:54'),

('U10000067','R10000002','2018-11-07 17:32:55'),

('U10000068','R10000002','2018-11-07 17:32:55'),

('U10000069','R10000002','2018-11-07 17:32:55'),

('U10000070','R10000002','2018-11-07 17:32:55'),

('U10000071','R10000002','2018-11-07 17:32:55'),

('U10000072','R10000002','2018-11-07 17:32:55'),

('U10000073','R10000002','2018-11-07 17:32:55'),

('U10000074','R10000002','2018-11-07 17:32:55'),

('U10000075','R10000002','2018-11-07 17:32:55'),

('U10000076','R10000002','2018-11-07 17:32:55'),

('U10000077','R10000002','2018-11-07 17:32:55'),

('U10000078','R10000002','2018-11-07 17:32:55'),

('U10000079','R10000002','2018-11-07 17:32:55'),

('U10000080','R10000002','2018-11-07 17:32:55'),

('U10000081','R10000002','2018-11-07 17:32:55'),

('U10000082','R10000002','2018-11-07 17:32:55'),

('U10000083','R10000002','2018-11-07 17:32:55'),

('U10000084','R10000002','2018-11-07 17:32:55'),

('U10000085','R10000002','2018-11-07 17:32:56'),

('U10000086','R10000002','2018-11-07 17:32:56'),

('U10000087','R10000002','2018-11-07 17:32:56'),

('U10000088','R10000002','2018-11-07 17:32:56'),

('U10000089','R10000002','2018-11-07 17:32:56'),

('U10000090','R10000002','2018-11-07 17:32:56'),

('U10000091','R10000002','2018-11-07 17:32:56'),

('U10000092','R10000002','2018-11-07 17:32:56'),

('U10000093','R10000002','2018-11-07 17:32:56'),

('U10000094','R10000002','2018-11-07 17:32:56'),

('U10000095','R10000002','2018-11-07 17:32:56'),

('U10000096','R10000002','2018-11-07 17:32:56'),

('U10000097','R10000002','2018-11-07 17:32:56'),

('U10000098','R10000002','2018-11-07 17:32:56'),

('U10000099','R10000002','2018-11-07 17:32:56'),

('U10000100','R10000002','2018-11-07 17:32:56'),

('U10000101','R10000002','2018-11-07 17:32:56'),

('U10000102','R10000002','2018-11-07 17:32:56'),

('U10000103','R10000002','2018-11-07 17:32:57'),

('U10000104','R10000002','2018-11-07 17:32:57'),

('U10000105','R10000002','2018-11-07 17:32:57'),

('U10000106','R10000002','2018-11-07 17:32:57'),

('U10000107','R10000002','2018-11-07 17:32:57'),

('U10000108','R10000002','2018-11-07 17:32:57'),

('U10000109','R10000002','2018-11-07 17:32:57'),

('U10000110','R10000002','2018-11-07 17:32:57'),

('U10000111','R10000002','2018-11-07 17:32:57'),

('U10000112','R10000002','2018-11-07 17:32:57'),

('U10000113','R10000002','2018-11-07 17:32:57'),

('U10000114','R10000002','2018-11-07 17:32:57'),

('U10000115','R10000002','2018-11-07 17:32:57'),

('U10000116','R10000002','2018-11-07 17:32:57');
